測定日時,ロットid,工程,工程詳細,ジャケット温度,内容物温度,ジャケット圧,外気温,湿度
2025/1/6 6:00,KMC2025010601A200,材料仕込み,仕込み開始,5.2,,-0.007,5,39.7
2025/1/6 6:01,KMC2025010601A200,材料仕込み,水投入,4.8,,0.004,5.2,39.5
2025/1/6 6:02,KMC2025010601A200,材料仕込み,水投入,4.8,6.7,0,5.2,39.1
2025/1/6 6:03,KMC2025010601A200,材料仕込み,冷凍肉投入,5.6,7,0,5.4,39.5
2025/1/6 6:04,KMC2025010601A200,材料仕込み,冷凍肉投入,5.4,6.9,0,5.3,39.1
2025/1/6 6:05,KMC2025010601A200,材料仕込み,冷凍肉投入,5.2,6.7,0,5.4,40.2
2025/1/6 6:06,KMC2025010601A200,材料仕込み,冷凍野菜投入,4.6,6.7,0,4.8,39.1
2025/1/6 6:07,KMC2025010601A200,材料仕込み,冷凍野菜投入,4.9,6.7,0,5,40.6
2025/1/6 6:08,KMC2025010601A200,材料仕込み,冷凍野菜投入,4.2,6.7,0,4.3,39.5
2025/1/6 6:09,KMC2025010601A200,材料仕込み,香辛料投入,5.7,6.7,0,5.6,40.8
2025/1/6 6:10,KMC2025010601A200,材料仕込み,香辛料投入,4.2,6.7,0,4.3,40.8
2025/1/6 6:11,KMC2025010601A200,材料仕込み,小麦粉投入,4.8,6.9,0,4.6,40.6
2025/1/6 6:12,KMC2025010601A200,材料仕込み,小麦粉投入,6,6.9,0,5.7,40.9
2025/1/6 6:13,KMC2025010601A200,材料仕込み,調味料投入,4.9,7.1,0,4.8,40.9
2025/1/6 6:14,KMC2025010601A200,材料仕込み,調味料投入,4.8,6.9,0,5.1,40.3
2025/1/6 6:15,KMC2025010601A200,材料仕込み,撹拌,4.1,7,0,4.1,39.9
2025/1/6 6:16,KMC2025010601A200,材料仕込み,撹拌,5,7,0,4.8,40
2025/1/6 6:17,KMC2025010601A200,材料仕込み,撹拌,4.7,7.4,0,4.6,40.1
2025/1/6 6:18,KMC2025010601A200,材料仕込み,撹拌,5.9,7,0,6.4,39.5
2025/1/6 6:19,KMC2025010601A200,材料仕込み,撹拌,4.2,7.2,0,4.7,40.7
2025/1/6 6:20,KMC2025010601A200,昇温,,12.2,6.8,0,5,39.4
2025/1/6 6:21,KMC2025010601A200,昇温,,14.4,6.7,0.073,5.1,40.7
2025/1/6 6:22,KMC2025010601A200,昇温,,16.5,6.7,0.132,5.3,40.9
2025/1/6 6:23,KMC2025010601A200,昇温,,18.6,9.6,0.18,5.2,39.4
2025/1/6 6:24,KMC2025010601A200,昇温,,39.1,12.4,0.22,5.1,39.6
2025/1/6 6:25,KMC2025010601A200,昇温,,55.5,15.2,0.253,4.7,39.2
2025/1/6 6:26,KMC2025010601A200,昇温,,68.7,17.8,0.28,5.1,40.2
2025/1/6 6:27,KMC2025010601A200,昇温,,79.1,20.3,0.301,4.3,40.3
2025/1/6 6:28,KMC2025010601A200,昇温,,87.5,22.8,0.319,4.7,40.8
2025/1/6 6:29,KMC2025010601A200,昇温,,94.3,25.4,0.334,5.2,39.4
2025/1/6 6:30,KMC2025010601A200,昇温,,99.7,28.1,0.346,5.4,40.8
2025/1/6 6:31,KMC2025010601A200,昇温,,104,30.9,0.356,5.6,40.2
2025/1/6 6:32,KMC2025010601A200,昇温,,107.4,33.7,0.364,4.8,39.7
2025/1/6 6:33,KMC2025010601A200,昇温,,110.2,36.6,0.37,4.8,40.1
2025/1/6 6:34,KMC2025010601A200,昇温,,112.3,39.3,0.376,4.1,39.9
2025/1/6 6:35,KMC2025010601A200,昇温,,114.1,41.7,0.38,4.8,40.9
2025/1/6 6:36,KMC2025010601A200,昇温,,115.5,44.2,0.38,5.6,40
2025/1/6 6:37,KMC2025010601A200,昇温,,116.6,47.1,0.38,4.1,40.9
2025/1/6 6:38,KMC2025010601A200,昇温,,117.5,49.8,0.38,4.2,39.1
2025/1/6 6:39,KMC2025010601A200,昇温,,118.2,52.3,0.38,5,39.5
2025/1/6 6:40,KMC2025010601A200,昇温,,118.8,55.5,0.38,4.8,39.2
2025/1/6 6:41,KMC2025010601A200,昇温,,119.3,58.3,0.38,6.5,40
2025/1/6 6:42,KMC2025010601A200,昇温,,119.7,60.9,0.38,4.6,40.6
2025/1/6 6:43,KMC2025010601A200,昇温,,120,63.6,0.38,4.5,39.5
2025/1/6 6:44,KMC2025010601A200,昇温,,120.1,66.4,0.38,3.9,40.6
2025/1/6 6:45,KMC2025010601A200,昇温,,120.4,68.7,0.38,5.1,40.4
2025/1/6 6:46,KMC2025010601A200,昇温,,120.5,71.3,0.38,4.9,40.4
2025/1/6 6:47,KMC2025010601A200,昇温,,120.7,73.7,0.38,6.8,40.6
2025/1/6 6:48,KMC2025010601A200,昇温,,120.8,76.6,0.38,4.7,40
2025/1/6 6:49,KMC2025010601A200,昇温,,121,79.6,0.38,7.1,40.5
2025/1/6 6:50,KMC2025010601A200,煮込み,工程切替,121.2,82.6,0.196,5,39.5
2025/1/6 6:51,KMC2025010601A200,煮込み,工程切替,120.9,85.2,0.007,6,40.9
2025/1/6 6:52,KMC2025010601A200,煮込み,放熱OFF,81.5,85.2,0.011,5,39.6
2025/1/6 6:53,KMC2025010601A200,煮込み,放熱OFF,82,85.3,0.015,5.2,40.8
2025/1/6 6:54,KMC2025010601A200,煮込み,放熱OFF,82.3,85,0.009,5.4,40.8
2025/1/6 6:55,KMC2025010601A200,煮込み,放熱OFF,81.6,85.1,0.015,5.2,40.5
2025/1/6 6:56,KMC2025010601A200,煮込み,放熱OFF,81.5,85.3,0.006,5,41
2025/1/6 6:57,KMC2025010601A200,煮込み,放熱OFF,83,85.3,0,5,40.2
2025/1/6 6:58,KMC2025010601A200,煮込み,放熱OFF,81,85.4,-0.003,4.7,40.1
2025/1/6 6:59,KMC2025010601A200,煮込み,加熱ON,93.3,85.1,0.079,4.8,39.4
2025/1/6 7:00,KMC2025010601A200,煮込み,放熱OFF,81.4,84.6,0.045,5.1,40.7
2025/1/6 7:01,KMC2025010601A200,煮込み,加熱ON,93.7,84.8,0.117,5.1,41
2025/1/6 7:02,KMC2025010601A200,煮込み,放熱OFF,82.4,84.6,0.07,5.3,40.6
2025/1/6 7:03,KMC2025010601A200,煮込み,放熱OFF,82.3,85,0.043,5,40.9
2025/1/6 7:04,KMC2025010601A200,煮込み,放熱OFF,81.9,84.9,0.017,5.3,40
2025/1/6 7:05,KMC2025010601A200,煮込み,放熱OFF,81.2,85,0.009,5.1,40.5
2025/1/6 7:06,KMC2025010601A200,煮込み,放熱OFF,82.6,85,0.012,4.9,39.6
2025/1/6 7:07,KMC2025010601A200,煮込み,加熱ON,93,84.8,0.081,4.9,39.8
2025/1/6 7:08,KMC2025010601A200,煮込み,放熱OFF,81.5,84.7,0.041,4.5,39.4
2025/1/6 7:09,KMC2025010601A200,煮込み,加熱ON,94.6,84.7,0.119,5.2,39.6
2025/1/6 7:10,KMC2025010601A200,煮込み,加熱ON,93.4,84.3,0.174,4.7,40.4
2025/1/6 7:11,KMC2025010601A200,煮込み,放熱OFF,82.2,84.7,0.097,4.6,39.3
2025/1/6 7:12,KMC2025010601A200,煮込み,放熱OFF,81.8,85,0.054,4.9,39.4
2025/1/6 7:13,KMC2025010601A200,煮込み,放熱OFF,82.3,84.9,0.039,5.2,39.4
2025/1/6 7:14,KMC2025010601A200,煮込み,放熱OFF,83,85,0.029,4.6,40.8
2025/1/6 7:15,KMC2025010601A200,煮込み,放熱OFF,83,85,0.009,5.6,40.4
2025/1/6 7:16,KMC2025010601A200,煮込み,放熱OFF,82,85.1,0.007,4.4,41
2025/1/6 7:17,KMC2025010601A200,煮込み,加熱ON,93,84.9,0.094,5,39.8
2025/1/6 7:18,KMC2025010601A200,煮込み,放熱OFF,81.5,84.7,0.061,5.1,39.5
2025/1/6 7:19,KMC2025010601A200,煮込み,放熱OFF,82,84.9,0.036,4.7,40.3
2025/1/6 7:20,KMC2025010601A200,煮込み,加熱ON,94,84.7,0.1,4.3,39.6
2025/1/6 7:21,KMC2025010601A200,煮込み,放熱OFF,82.6,84.5,0.066,5.4,39.4
2025/1/6 7:22,KMC2025010601A200,煮込み,放熱OFF,82.5,85,0.039,5.1,39.7
2025/1/6 7:23,KMC2025010601A200,煮込み,放熱OFF,82.3,85,0.02,5.8,39.1
2025/1/6 7:24,KMC2025010601A200,煮込み,放熱OFF,81.8,85.1,0.014,5.9,40
2025/1/6 7:25,KMC2025010601A200,煮込み,放熱OFF,81.2,85,0.002,3.7,39.7
2025/1/6 7:26,KMC2025010601A200,煮込み,加熱ON,93.9,84.7,0.087,4.9,40.4
2025/1/6 7:27,KMC2025010601A200,煮込み,放熱OFF,82.5,84.4,0.053,5.6,40.3
2025/1/6 7:28,KMC2025010601A200,煮込み,加熱ON,93.4,84.8,0.13,5,40.9
2025/1/6 7:29,KMC2025010601A200,煮込み,放熱OFF,81.6,84.7,0.078,5.5,40.6
2025/1/6 7:30,KMC2025010601A200,煮込み,放熱OFF,82.7,85.1,0.05,4.3,39.2
2025/1/6 7:31,KMC2025010601A200,煮込み,放熱OFF,81.8,85,0.029,4.8,40.2
2025/1/6 7:32,KMC2025010601A200,煮込み,放熱OFF,82.9,85.1,0.021,3.9,39.6
2025/1/6 7:33,KMC2025010601A200,煮込み,放熱OFF,82.7,85.2,0.018,5.4,40.9
2025/1/6 7:34,KMC2025010601A200,煮込み,放熱OFF,82.7,85.2,0.015,3.6,39.2
2025/1/6 7:35,KMC2025010601A200,煮込み,放熱OFF,81.8,84.9,0.005,4,39.6
2025/1/6 7:36,KMC2025010601A200,煮込み,加熱ON,94.3,84.8,0.082,4.4,40
2025/1/6 7:37,KMC2025010601A200,煮込み,加熱ON,93.3,84.4,0.151,4.7,40.4
2025/1/6 7:38,KMC2025010601A200,煮込み,放熱OFF,82.6,84.7,0.096,5,39.4
2025/1/6 7:39,KMC2025010601A200,煮込み,放熱OFF,81.5,85.1,0.061,5.5,40.3
2025/1/6 7:40,KMC2025010601A200,煮込み,放熱OFF,82.6,85.1,0.038,6.8,40.7
2025/1/6 7:41,KMC2025010601A200,煮込み,放熱OFF,81.5,85.1,0.016,5.4,39.7
2025/1/6 7:42,KMC2025010601A200,煮込み,放熱OFF,80.9,85.1,0.011,3.7,40.9
2025/1/6 7:43,KMC2025010601A200,煮込み,加熱ON,93.3,84.9,0.087,4.9,39.6
2025/1/6 7:44,KMC2025010601A200,煮込み,放熱OFF,80.5,84.6,0.049,3.7,40.9
2025/1/6 7:45,KMC2025010601A200,煮込み,加熱ON,94,84.7,0.112,5.4,40.5
2025/1/6 7:46,KMC2025010601A200,煮込み,加熱ON,93.2,84.4,0.165,5.5,40.2
2025/1/6 7:47,KMC2025010601A200,煮込み,放熱OFF,82.1,84.7,0.089,5.6,39
2025/1/6 7:48,KMC2025010601A200,煮込み,放熱OFF,83.2,85.1,0.061,4.6,40.6
2025/1/6 7:49,KMC2025010601A200,煮込み,放熱OFF,81.5,85.1,0.039,6.1,40.2
2025/1/6 7:50,KMC2025010601A200,煮込み,放熱OFF,82.4,85.2,0.022,3.6,39.2
2025/1/6 7:51,KMC2025010601A200,煮込み,放熱OFF,82.3,85.2,0.013,5.3,40.6
2025/1/6 7:52,KMC2025010601A200,冷却,,9.2,85.2,0.047,5,40.1
2025/1/6 7:53,KMC2025010601A200,冷却,,9.2,85,0.068,5.2,40.2
2025/1/6 7:54,KMC2025010601A200,冷却,,9.2,81.6,0.092,5.2,39.8
2025/1/6 7:55,KMC2025010601A200,冷却,,9.2,78.3,0.109,5.2,40.1
2025/1/6 7:56,KMC2025010601A200,冷却,,9.2,75.2,0.119,5,40.5
2025/1/6 7:57,KMC2025010601A200,冷却,,9.2,72.3,0.119,4.7,40
2025/1/6 7:58,KMC2025010601A200,冷却,,9.2,69.5,0.123,4.5,40.9
2025/1/6 7:59,KMC2025010601A200,冷却,,9.2,66.9,0.139,4.4,40.7
2025/1/6 8:00,KMC2025010601A200,冷却,,9.2,64.2,0.141,4.6,40.3
2025/1/6 8:01,KMC2025010601A200,冷却,,9.2,61.7,0.14,5.3,40.5
2025/1/6 8:02,KMC2025010601A200,冷却,,9.2,59.4,0.153,5.6,39.2
2025/1/6 8:03,KMC2025010601A200,冷却,,9.2,57.4,0.157,5.1,39.1
2025/1/6 8:04,KMC2025010601A200,冷却,,9.2,55.2,0.161,5.6,39.3
2025/1/6 8:05,KMC2025010601A200,冷却,,9.2,53.1,0.156,5.4,39.4
2025/1/6 8:06,KMC2025010601A200,冷却,,9.2,51.1,0.154,4.7,40.4
2025/1/6 8:07,KMC2025010601A200,冷却,,9.2,49.4,0.148,5.4,39.5
2025/1/6 8:08,KMC2025010601A200,冷却,,9.2,47.7,0.148,5.1,39.4
2025/1/6 8:09,KMC2025010601A200,冷却,,9.2,46.2,0.147,4.7,40.3
2025/1/6 8:10,KMC2025010601A200,冷却,,9.2,44.4,0.156,4.9,40.5
2025/1/6 8:11,KMC2025010601A200,冷却,,9.2,42.8,0.169,5.4,40.9
2025/1/6 8:12,KMC2025010601A200,冷却,,9.2,41.5,0.168,5.7,40.5
2025/1/6 8:13,KMC2025010601A200,冷却,,9.2,40,0.169,4.8,39
2025/1/6 8:14,KMC2025010601A200,冷却,,9.2,38.6,0.172,5.8,40.7
2025/1/6 8:15,KMC2025010601A200,冷却,,9.2,37.3,0.183,5.8,40.4
2025/1/6 8:16,KMC2025010601A200,冷却,,9.2,36,0.184,4.8,40.4
2025/1/6 8:17,KMC2025010601A200,冷却,,9.2,34.7,0.186,5.2,40.6
2025/1/6 8:18,KMC2025010601A200,冷却,,9.2,33.5,0.187,6,39.2
2025/1/6 8:19,KMC2025010601A200,冷却,,9.2,32.5,0.187,6.3,39
2025/1/6 8:20,KMC2025010601A200,冷却,,9.2,31.6,0.187,4.7,40.7
2025/1/6 8:21,KMC2025010601A200,冷却,,9.2,30.5,0.177,4.6,39.9
2025/1/6 8:22,KMC2025010601A200,冷却,,9.2,29.7,0.18,6.5,39.8
2025/1/6 8:23,KMC2025010601A200,冷却,,9.2,28.8,0.173,3.6,39.9
2025/1/6 8:24,KMC2025010601A200,冷却,,9.2,27.9,0.182,4.5,39.4
2025/1/6 8:25,KMC2025010601A200,冷却,,9.2,27.1,0.18,5.6,39.8
2025/1/6 8:26,KMC2025010601A200,冷却,,9.2,26.4,0.17,4.4,39.4
2025/1/6 8:27,KMC2025010601A200,冷却,,9.2,25.8,0.175,6.4,40.1
2025/1/6 8:28,KMC2025010601A200,冷却,,9.2,25.2,0.177,6.7,40.6
2025/1/6 8:29,KMC2025010601A200,冷却,,9.2,24.6,0.172,6.6,40
2025/1/6 8:30,KMC2025010601A200,冷却,,9.2,24.1,0.164,5.4,40.5
2025/1/6 8:31,KMC2025010601A200,冷却,,9.2,23.5,0.175,6.8,39.2
2025/1/6 8:32,KMC2025010601A200,充填移送,攪拌待機中,9.1,22.8,0,5,40.7
2025/1/6 8:33,KMC2025010601A200,充填移送,攪拌待機中,8.9,22.2,0,5.2,39.3
2025/1/6 8:34,KMC2025010601A200,充填移送,攪拌待機中,9,22.4,0,5.2,40.2
2025/1/6 8:35,KMC2025010601A200,充填移送,攪拌待機中,8.8,22.7,0,5.2,40.3
2025/1/6 8:36,KMC2025010601A200,充填移送,攪拌待機中,8.9,23.1,0,4.9,39
2025/1/6 8:37,KMC2025010601A200,充填移送,攪拌待機中,9.1,23.2,0,5.2,40
2025/1/6 8:38,KMC2025010601A200,充填移送,攪拌待機中,9,23.5,0,4.9,40.4
2025/1/6 8:39,KMC2025010601A200,充填移送,攪拌待機中,9.1,23.7,0,4.4,40.7
2025/1/6 8:40,KMC2025010601A200,充填移送,攪拌待機中,9.3,24.1,0,5,39.5
2025/1/6 8:41,KMC2025010601A200,充填移送,攪拌待機中,9.3,24.5,0,5.1,40.1
2025/1/6 8:42,KMC2025010601A200,充填移送,攪拌待機中,9.2,24.7,0,5.4,40.5
2025/1/6 8:43,KMC2025010601A200,充填移送,攪拌待機中,9.2,25,0,5.7,40.4
2025/1/6 8:44,KMC2025010601A200,充填移送,攪拌待機中,9,25.1,0,5.2,39.9
2025/1/6 8:45,KMC2025010601A200,充填移送,攪拌待機中,8.9,25.4,0,5,40.5
2025/1/6 8:46,KMC2025010601A200,充填移送,攪拌待機中,9,25.7,0,5.6,39
2025/1/6 8:47,KMC2025010601A200,充填移送,攪拌待機中,8.9,25.9,0,4.4,39.8
2025/1/6 8:48,KMC2025010601A200,充填移送,攪拌待機中,9.1,26.2,0,4,39.2
2025/1/6 8:49,KMC2025010601A200,充填移送,攪拌待機中,9.2,26.3,0,3.8,39.6
2025/1/6 8:50,KMC2025010601A200,充填移送,攪拌待機中,9.2,26.3,0,4.9,40.2
2025/1/6 8:51,KMC2025010601A200,充填移送,攪拌待機中,9.1,26.6,0,5.7,39.1
2025/1/6 8:52,KMC2025010601A200,充填移送,攪拌待機中,8.9,26.8,0,5.1,39.5
2025/1/6 8:53,KMC2025010601A200,充填移送,攪拌待機中,8.8,27,0,4.6,40.3
2025/1/6 8:54,KMC2025010601A200,充填移送,攪拌待機中,8.8,27.3,0,5,40.2
2025/1/6 8:55,KMC2025010601A200,充填移送,攪拌待機中,8.8,27.6,0,5.1,39.7
2025/1/6 8:56,KMC2025010601A200,充填移送,攪拌待機中,8.8,27.7,0,4.9,39.9
2025/1/6 8:57,KMC2025010601A200,充填移送,攪拌待機中,8.8,27.9,0,5.8,39.5
2025/1/6 8:58,KMC2025010601A200,充填移送,攪拌待機中,9,28.2,0,6.3,39.7
2025/1/6 8:59,KMC2025010601A200,充填移送,攪拌待機中,8.9,28.3,0,5.8,39.6
2025/1/6 9:00,KMC2025010601A200,充填移送,攪拌待機中,8.9,28.5,0,6.5,39.4
2025/1/6 9:01,KMC2025010601A200,充填移送,攪拌待機中,9,28.5,0,4.6,39.2
2025/1/6 9:02,KMC2025010601A200,洗浄,荒洗い,10.4,28.6,0,5,39.4
2025/1/6 9:03,KMC2025010601A200,洗浄,荒洗い,10.5,28.7,0,5.2,40.6
2025/1/6 9:04,KMC2025010601A200,洗浄,荒洗い,10.5,5.5,0,5.3,40.5
2025/1/6 9:05,KMC2025010601A200,洗浄,荒洗い,10.8,5.1,0,5.4,39.7
2025/1/6 9:06,KMC2025010601A200,洗浄,荒洗い,10.2,5.9,0,5.1,40.7
2025/1/6 9:07,KMC2025010601A200,洗浄,昇温,37.6,6.2,0,5,39.4
2025/1/6 9:08,KMC2025010601A200,洗浄,昇温,58.3,5.1,0.088,4.6,40.5
2025/1/6 9:09,KMC2025010601A200,洗浄,昇温,73.8,8.5,0.157,4.8,39.7
2025/1/6 9:10,KMC2025010601A200,洗浄,昇温,85.5,13.4,0.211,4.7,40.2
2025/1/6 9:11,KMC2025010601A200,洗浄,昇温,94.2,19.5,0.253,4.9,39.8
2025/1/6 9:12,KMC2025010601A200,洗浄,昇温,100.6,26,0.285,5.4,39.8
2025/1/6 9:13,KMC2025010601A200,洗浄,昇温,105.3,32.6,0.311,5.4,40.3
2025/1/6 9:14,KMC2025010601A200,洗浄,昇温,108.9,39.4,0.33,5,40.8
2025/1/6 9:15,KMC2025010601A200,洗浄,昇温,111.6,46.1,0.346,5.3,39.6
2025/1/6 9:16,KMC2025010601A200,洗浄,昇温,113.7,52.3,0.358,5.1,39.1
2025/1/6 9:17,KMC2025010601A200,洗浄,高温保持,100,58,0.3,4.3,39.9
2025/1/6 9:18,KMC2025010601A200,洗浄,高温保持,100.3,63.4,0.3,5,40.7
2025/1/6 9:19,KMC2025010601A200,洗浄,高温保持,100.4,95,0.3,5,40.6
2025/1/6 9:20,KMC2025010601A200,洗浄,高温保持,100.3,95.2,0.3,5.5,40.8
2025/1/6 9:21,KMC2025010601A200,洗浄,高温保持,100.1,95.4,0.3,4.7,40.2
2025/1/6 9:22,KMC2025010601A200,洗浄,高温保持,99.9,95.4,0.3,4.9,40.4
2025/1/6 9:23,KMC2025010601A200,洗浄,高温保持,99.7,95.3,0.3,5.1,40.1
2025/1/6 9:24,KMC2025010601A200,洗浄,高温保持,99.6,95.3,0.3,5.6,39
2025/1/6 9:25,KMC2025010601A200,洗浄,高温保持,99.7,95.2,0.3,4.9,40.3
2025/1/6 9:26,KMC2025010601A200,洗浄,高温保持,100,95.3,0.3,4.6,40.6
2025/1/6 9:27,KMC2025010601A200,洗浄,冷却,6.4,95.3,0.15,4.4,40.5
2025/1/6 9:28,KMC2025010601A200,洗浄,冷却,6,95.2,0.15,4,39.3
2025/1/6 9:29,KMC2025010601A200,洗浄,冷却,6.2,91.1,0.15,4.2,39.9
2025/1/6 9:30,KMC2025010601A200,洗浄,冷却,7.3,87.1,0.15,5.3,40.4
2025/1/6 9:31,KMC2025010601A200,洗浄,冷却,6.7,83.2,0.15,4.7,40.9
2025/1/6 9:32,KMC2025010601A200,洗浄,冷却,7.8,79.7,0.15,5.8,40.6
2025/1/6 9:33,KMC2025010601A200,洗浄,冷却,6.5,76.3,0.15,4.5,40.1
2025/1/6 9:34,KMC2025010601A200,洗浄,冷却,7.5,73.2,0.15,5.5,39.8
2025/1/6 9:35,KMC2025010601A200,洗浄,冷却,6,70.4,0.15,4,40.5
2025/1/6 9:36,KMC2025010601A200,洗浄,冷却,6.7,67.5,0.15,4.7,40
2025/1/6 9:37,KMC2025010601A200,洗浄,冷却,6.2,65,0.15,4.2,40.5
2025/1/6 9:38,KMC2025010601A200,洗浄,冷却,8.1,62.6,0.15,6.1,39.4
2025/1/6 9:39,KMC2025010601A200,洗浄,冷却,6.1,60.2,0.15,4.1,39.7
2025/1/6 9:40,KMC2025010601A200,洗浄,冷却,7.4,58.1,0.15,5.4,39.1
2025/1/6 9:41,KMC2025010601A200,洗浄,冷却,6.5,56.2,0.15,4.5,40.2
2025/1/6 9:42,KMC2025010601A200,洗浄,冷却,6.4,54.2,0.15,4.4,40.1
2025/1/6 9:43,KMC2025010601A200,洗浄,冷却,5.7,52.5,0.15,3.7,40.3
2025/1/6 9:44,KMC2025010601A200,洗浄,冷却,6.2,50.9,0.15,4.2,40.2
2025/1/6 9:45,KMC2025010601A200,洗浄,冷却,6.5,49.4,0.15,4.5,40.7
2025/1/6 9:46,KMC2025010601A200,洗浄,冷却,8.2,47.8,0.15,6.2,40.9
2025/1/6 9:47,KMC2025010601A200,洗浄,冷却,7.5,46.4,0.15,5.5,40.2
2025/1/6 9:48,KMC2025010601A200,洗浄,冷却,6.2,45.1,0.15,4.2,40
2025/1/6 9:49,KMC2025010601A200,洗浄,冷却,6.6,43.9,0.15,4.6,39.1
2025/1/6 9:50,KMC2025010601A200,洗浄,冷却,8,42.6,0.15,6,40.2
2025/1/6 9:51,KMC2025010601A200,洗浄,冷却,5.6,41.7,0.15,3.6,39.8
2025/1/6 9:52,KMC2025010601A200,洗浄,冷却,8.6,40.7,0.15,6.6,39.8
2025/1/6 9:53,KMC2025010601A200,洗浄,冷却,7.7,39.6,0.15,5.7,39.1
2025/1/6 9:54,KMC2025010601A200,洗浄,冷却,8.4,38.9,0.15,6.4,39.3
2025/1/6 9:55,KMC2025010601A200,洗浄,冷却,6.1,38.1,0.15,4.1,39.6
2025/1/6 9:56,KMC2025010601A200,洗浄,冷却,5.6,37.5,0.15,3.6,39.8
2025/1/6 9:57,KMC2025010601A200,洗浄,冷却,7.8,36.7,0.15,5.8,40.7
2025/1/6 9:58,KMC2025010601A200,洗浄,冷却,7.4,36.2,0.15,5.4,40
2025/1/6 9:59,KMC2025010601A200,洗浄,冷却,8.8,35.6,0.15,6.8,39.1
2025/1/6 10:00,KMC2025010601A200,洗浄,冷却,6.2,34.8,0.15,4.2,40.8
2025/1/6 10:01,KMC2025010601A200,洗浄,冷却,6.2,34.3,0.15,4.2,39.5
2025/2/3 6:00,KMC2025020301A200,材料仕込み,仕込み開始,6.8,33.8,0.008,7,44.7
2025/2/3 6:01,KMC2025020301A200,材料仕込み,水投入,7.6,33.3,0.001,7.2,45.4
2025/2/3 6:02,KMC2025020301A200,材料仕込み,水投入,7,7.9,0,7.1,44.4
2025/2/3 6:03,KMC2025020301A200,材料仕込み,冷凍肉投入,7.6,7.4,0,7.5,44.1
2025/2/3 6:04,KMC2025020301A200,材料仕込み,冷凍肉投入,6.5,7.2,0,6.9,45.2
2025/2/3 6:05,KMC2025020301A200,材料仕込み,冷凍肉投入,6.7,7.1,0,7,45.2
2025/2/3 6:06,KMC2025020301A200,材料仕込み,冷凍野菜投入,7.1,7.1,0,7.2,44.8
2025/2/3 6:07,KMC2025020301A200,材料仕込み,冷凍野菜投入,5.9,7.1,0,6.1,45
2025/2/3 6:08,KMC2025020301A200,材料仕込み,冷凍野菜投入,6.3,7.1,0,6.6,45.5
2025/2/3 6:09,KMC2025020301A200,材料仕込み,香辛料投入,6.3,7.1,0,6.7,44
2025/2/3 6:10,KMC2025020301A200,材料仕込み,香辛料投入,6.1,7.1,0,6.1,44.7
2025/2/3 6:11,KMC2025020301A200,材料仕込み,小麦粉投入,8.3,7.4,0,8.1,44.4
2025/2/3 6:12,KMC2025020301A200,材料仕込み,小麦粉投入,7.4,7.6,0,7.5,45.4
2025/2/3 6:13,KMC2025020301A200,材料仕込み,調味料投入,8.3,7.6,0,8.4,45.7
2025/2/3 6:14,KMC2025020301A200,材料仕込み,調味料投入,6.4,7.3,0,6,46
2025/2/3 6:15,KMC2025020301A200,材料仕込み,撹拌,6.6,7.5,0,6.7,44.6
2025/2/3 6:16,KMC2025020301A200,材料仕込み,撹拌,8.3,7.7,0,8.1,44.2
2025/2/3 6:17,KMC2025020301A200,材料仕込み,撹拌,5.2,7.9,0,5.3,44.2
2025/2/3 6:18,KMC2025020301A200,材料仕込み,撹拌,8.3,8,0,8.3,44.4
2025/2/3 6:19,KMC2025020301A200,材料仕込み,撹拌,7.1,7.5,0,6.9,45.4
2025/2/3 6:20,KMC2025020301A200,材料仕込み,デッドタイム,7.1,7.4,0,6.9,45.4
2025/2/3 6:21,KMC2025020301A200,材料仕込み,デッドタイム,7.1,7.1,0,6.9,45.4
2025/2/3 6:22,KMC2025020301A200,昇温,,14.2,7.1,0,7,45.1
2025/2/3 6:23,KMC2025020301A200,昇温,,16.3,7.1,0.073,7.2,44.4
2025/2/3 6:24,KMC2025020301A200,昇温,,18.4,7.2,0.132,7.2,45.3
2025/2/3 6:25,KMC2025020301A200,昇温,,20.5,9.9,0.18,7.3,44.7
2025/2/3 6:26,KMC2025020301A200,昇温,,40.8,12.9,0.22,7.3,45.7
2025/2/3 6:27,KMC2025020301A200,昇温,,56.9,15.6,0.253,7.3,44.5
2025/2/3 6:28,KMC2025020301A200,昇温,,69.9,18,0.28,6.6,44.6
2025/2/3 6:29,KMC2025020301A200,昇温,,80.2,20.6,0.301,7.1,45.6
2025/2/3 6:30,KMC2025020301A200,昇温,,88.5,23,0.319,7.1,44.5
2025/2/3 6:31,KMC2025020301A200,昇温,,95.1,25.7,0.334,7.1,44.2
2025/2/3 6:32,KMC2025020301A200,昇温,,100.4,28.3,0.346,6.9,44.7
2025/2/3 6:33,KMC2025020301A200,昇温,,104.7,31,0.356,7.2,45.3
2025/2/3 6:34,KMC2025020301A200,昇温,,108.1,34,0.364,7.7,45.5
2025/2/3 6:35,KMC2025020301A200,昇温,,110.8,36.7,0.37,7.7,44.3
2025/2/3 6:36,KMC2025020301A200,昇温,,113,39.8,0.376,7.7,45.6
2025/2/3 6:37,KMC2025020301A200,昇温,,114.8,42.1,0.38,7.4,45.2
2025/2/3 6:38,KMC2025020301A200,昇温,,116.1,45,0.38,7,45.1
2025/2/3 6:39,KMC2025020301A200,昇温,,117.2,47.2,0.38,6,45
2025/2/3 6:40,KMC2025020301A200,昇温,,118.1,49.9,0.38,7.7,46
2025/2/3 6:41,KMC2025020301A200,昇温,,118.9,52.5,0.38,7.7,45.4
2025/2/3 6:42,KMC2025020301A200,昇温,,119.4,55.1,0.38,7.2,45.3
2025/2/3 6:43,KMC2025020301A200,昇温,,119.8,57.9,0.38,6.5,45.2
2025/2/3 6:44,KMC2025020301A200,昇温,,120.2,60.8,0.38,6.2,44.5
2025/2/3 6:45,KMC2025020301A200,昇温,,120.4,63.5,0.38,6.6,44.3
2025/2/3 6:46,KMC2025020301A200,昇温,,120.6,66.4,0.38,6.1,45.1
2025/2/3 6:47,KMC2025020301A200,昇温,,120.9,69.1,0.38,7.6,45
2025/2/3 6:48,KMC2025020301A200,昇温,,121.1,71.7,0.38,8.2,44.2
2025/2/3 6:49,KMC2025020301A200,昇温,,121.1,74.2,0.38,5.5,45.8
2025/2/3 6:50,KMC2025020301A200,昇温,,121.3,77,0.38,7.8,45.6
2025/2/3 6:51,KMC2025020301A200,昇温,,121.3,79.4,0.38,5.7,46
2025/2/3 6:52,KMC2025020301A200,煮込み,工程切替,121.4,82,0.184,7,45.7
2025/2/3 6:53,KMC2025020301A200,煮込み,工程切替,121.2,85,0.004,7.1,44.9
2025/2/3 6:54,KMC2025020301A200,煮込み,放熱OFF,82.3,85,0.01,7,45.5
2025/2/3 6:55,KMC2025020301A200,煮込み,放熱OFF,82.9,84.9,0.009,7.2,44.7
2025/2/3 6:56,KMC2025020301A200,煮込み,放熱OFF,81.5,84.7,0.006,7.3,44.2
2025/2/3 6:57,KMC2025020301A200,煮込み,放熱OFF,81.9,84.9,-0.006,7.4,45.8
2025/2/3 6:58,KMC2025020301A200,煮込み,放熱OFF,82.8,85.1,0.006,7.3,44.8
2025/2/3 6:59,KMC2025020301A200,煮込み,放熱OFF,82,85,-0.005,6.9,44.5
2025/2/3 7:00,KMC2025020301A200,煮込み,放熱OFF,80.7,84.9,0.005,6.8,45.9
2025/2/3 7:01,KMC2025020301A200,煮込み,加熱ON,93.6,84.8,0.091,6.5,44.2
2025/2/3 7:02,KMC2025020301A200,煮込み,放熱OFF,81,84.5,0.056,6.5,45.6
2025/2/3 7:03,KMC2025020301A200,煮込み,加熱ON,94.2,84.7,0.124,7,45.6
2025/2/3 7:04,KMC2025020301A200,煮込み,加熱ON,93.3,84.4,0.175,7.3,44.5
2025/2/3 7:05,KMC2025020301A200,煮込み,放熱OFF,82.4,84.7,0.103,7.2,45.7
2025/2/3 7:06,KMC2025020301A200,煮込み,放熱OFF,81.7,85,0.065,7,45.1
2025/2/3 7:07,KMC2025020301A200,煮込み,放熱OFF,82.1,85.1,0.046,7.2,44.1
2025/2/3 7:08,KMC2025020301A200,煮込み,放熱OFF,82.2,85.3,0.027,7.3,44.7
2025/2/3 7:09,KMC2025020301A200,煮込み,放熱OFF,82.4,85.3,0.018,6.7,45.7
2025/2/3 7:10,KMC2025020301A200,煮込み,放熱OFF,81.2,85.4,0.001,7.3,44.3
2025/2/3 7:11,KMC2025020301A200,煮込み,放熱OFF,82.6,85.3,0.008,6.6,45.5
2025/2/3 7:12,KMC2025020301A200,煮込み,加熱ON,93.2,85,0.091,6.8,45.4
2025/2/3 7:13,KMC2025020301A200,煮込み,加熱ON,93.3,84.6,0.16,7.4,44.2
2025/2/3 7:14,KMC2025020301A200,煮込み,放熱OFF,82.2,84.6,0.1,6.8,45.9
2025/2/3 7:15,KMC2025020301A200,煮込み,放熱OFF,82.4,84.8,0.055,7.1,45.5
2025/2/3 7:16,KMC2025020301A200,煮込み,放熱OFF,81.8,84.8,0.036,7.7,45.5
2025/2/3 7:17,KMC2025020301A200,煮込み,放熱OFF,82.7,84.9,0.027,6.7,44.7
2025/2/3 7:18,KMC2025020301A200,煮込み,放熱OFF,81.9,85,0.023,6.9,45.8
2025/2/3 7:19,KMC2025020301A200,煮込み,放熱OFF,82.2,85.2,0.005,6.4,44.9
2025/2/3 7:20,KMC2025020301A200,煮込み,放熱OFF,81.5,85.2,-0.004,6.2,44.3
2025/2/3 7:21,KMC2025020301A200,煮込み,加熱ON,93.1,85,0.081,6.2,44.8
2025/2/3 7:22,KMC2025020301A200,煮込み,放熱OFF,82.4,84.7,0.057,5.9,45.6
2025/2/3 7:23,KMC2025020301A200,煮込み,加熱ON,93.3,84.9,0.13,6.5,44.5
2025/2/3 7:24,KMC2025020301A200,煮込み,放熱OFF,81.6,84.6,0.078,6.9,44.8
2025/2/3 7:25,KMC2025020301A200,煮込み,放熱OFF,82.6,84.9,0.052,7.5,45.1
2025/2/3 7:26,KMC2025020301A200,煮込み,放熱OFF,82.8,84.9,0.025,7.7,44.8
2025/2/3 7:27,KMC2025020301A200,煮込み,放熱OFF,82.6,84.9,0.019,7.7,44.7
2025/2/3 7:28,KMC2025020301A200,煮込み,放熱OFF,81.3,85.1,0.008,6.6,44.4
2025/2/3 7:29,KMC2025020301A200,煮込み,放熱OFF,82.9,85.1,0.007,7.7,44.6
2025/2/3 7:30,KMC2025020301A200,煮込み,放熱OFF,81.9,85.2,0.001,7.7,44.7
2025/2/3 7:31,KMC2025020301A200,煮込み,放熱OFF,82.4,85,-0.002,7.7,45.9
2025/2/3 7:32,KMC2025020301A200,煮込み,加熱ON,93.3,84.8,0.085,7.4,44.8
2025/2/3 7:33,KMC2025020301A200,煮込み,加熱ON,93.2,84.6,0.142,6.7,45.8
2025/2/3 7:34,KMC2025020301A200,煮込み,放熱OFF,81.9,84.6,0.081,5.8,45.5
2025/2/3 7:35,KMC2025020301A200,煮込み,放熱OFF,82.1,84.8,0.053,7,44.8
2025/2/3 7:36,KMC2025020301A200,煮込み,放熱OFF,82.7,84.8,0.037,7.4,45.2
2025/2/3 7:37,KMC2025020301A200,煮込み,放熱OFF,82.1,84.8,0.015,8.4,45.1
2025/2/3 7:38,KMC2025020301A200,煮込み,放熱OFF,83,84.9,0.005,6.3,45.1
2025/2/3 7:39,KMC2025020301A200,煮込み,放熱OFF,82.1,85.1,-0.005,8.1,45.8
2025/2/3 7:40,KMC2025020301A200,煮込み,放熱OFF,82.6,85.2,0.001,6.5,44.7
2025/2/3 7:41,KMC2025020301A200,煮込み,放熱OFF,81.2,85,-0.005,7.1,45.3
2025/2/3 7:42,KMC2025020301A200,煮込み,加熱ON,94,84.8,0.073,8,45.2
2025/2/3 7:43,KMC2025020301A200,煮込み,放熱OFF,81.6,84.4,0.034,6.4,45.3
2025/2/3 7:44,KMC2025020301A200,煮込み,加熱ON,94.3,84.7,0.11,8.5,44.9
2025/2/3 7:45,KMC2025020301A200,煮込み,放熱OFF,81.5,84.4,0.057,7.7,44.8
2025/2/3 7:46,KMC2025020301A200,煮込み,加熱ON,93.6,84.8,0.131,7.9,45.9
2025/2/3 7:47,KMC2025020301A200,煮込み,放熱OFF,83.4,84.7,0.081,6.7,45.3
2025/2/3 7:48,KMC2025020301A200,煮込み,放熱OFF,83.3,85.1,0.057,6.2,44.7
2025/2/3 7:49,KMC2025020301A200,煮込み,放熱OFF,83.3,85.3,0.025,5.5,44.1
2025/2/3 7:50,KMC2025020301A200,煮込み,放熱OFF,82,85.5,0.015,6,45.9
2025/2/3 7:51,KMC2025020301A200,煮込み,放熱OFF,81.6,85.3,0.002,5.6,45.9
2025/2/3 7:52,KMC2025020301A200,煮込み,加熱ON,93.4,84.9,0.074,6.5,45.3
2025/2/3 7:53,KMC2025020301A200,煮込み,加熱ON,93.1,84.6,0.143,5,44.5
2025/2/3 7:54,KMC2025020301A200,煮込み,デッドタイム,93.1,84.7,0.143,5,44.5
2025/2/3 7:56,KMC2025020301A200,冷却,,12.5,85,0.15,7,45.2
2025/2/3 7:57,KMC2025020301A200,冷却,,12.5,85,0.149,7.1,44.1
2025/2/3 7:58,KMC2025020301A200,冷却,,12.5,81.9,0.154,7.2,45
2025/2/3 7:59,KMC2025020301A200,冷却,,12.5,78.9,0.162,7.4,45.7
2025/2/3 8:00,KMC2025020301A200,冷却,,12.5,75.9,0.163,7.2,44.6
2025/2/3 8:01,KMC2025020301A200,冷却,,12.5,73.1,0.162,7.2,44
2025/2/3 8:02,KMC2025020301A200,冷却,,12.5,70.6,0.167,6.8,44.8
2025/2/3 8:03,KMC2025020301A200,冷却,,12.5,68.1,0.176,6.6,46
2025/2/3 8:04,KMC2025020301A200,冷却,,12.5,65.6,0.184,6.8,45.6
2025/2/3 8:05,KMC2025020301A200,冷却,,12.5,63.3,0.186,7.1,44.5
2025/2/3 8:06,KMC2025020301A200,冷却,,12.5,61.1,0.193,6.7,44.2
2025/2/3 8:07,KMC2025020301A200,冷却,,12.5,59,0.193,7.3,45.5
2025/2/3 8:08,KMC2025020301A200,冷却,,12.5,56.8,0.184,7,45.6
2025/2/3 8:09,KMC2025020301A200,冷却,,12.5,54.9,0.187,7.7,44.8
2025/2/3 8:10,KMC2025020301A200,冷却,,12.5,53.1,0.189,6.7,45.4
2025/2/3 8:11,KMC2025020301A200,冷却,,12.5,51.4,0.18,7,45.2
2025/2/3 8:12,KMC2025020301A200,冷却,,12.5,49.7,0.184,7.1,45.1
2025/2/3 8:13,KMC2025020301A200,冷却,,12.5,48,0.174,7.3,44.6
2025/2/3 8:14,KMC2025020301A200,冷却,,12.5,46.4,0.184,7.5,45.5
2025/2/3 8:15,KMC2025020301A200,冷却,,12.5,44.9,0.189,7.3,44.3
2025/2/3 8:16,KMC2025020301A200,冷却,,12.5,43.5,0.187,7.9,45.1
2025/2/3 8:17,KMC2025020301A200,冷却,,12.5,42,0.184,8.1,44.7
2025/2/3 8:18,KMC2025020301A200,冷却,,12.5,40.6,0.181,6.9,44.5
2025/2/3 8:19,KMC2025020301A200,冷却,,12.5,39.3,0.191,7.4,44.5
2025/2/3 8:20,KMC2025020301A200,冷却,,12.5,38.1,0.182,7.5,45
2025/2/3 8:21,KMC2025020301A200,冷却,,12.5,37,0.182,6.2,45.1
2025/2/3 8:22,KMC2025020301A200,冷却,,12.5,35.8,0.178,6.2,45
2025/2/3 8:23,KMC2025020301A200,冷却,,12.5,34.7,0.17,6.1,44.5
2025/2/3 8:24,KMC2025020301A200,冷却,,12.5,33.7,0.169,7.8,45.7
2025/2/3 8:25,KMC2025020301A200,冷却,,12.5,32.6,0.173,7.6,45.1
2025/2/3 8:26,KMC2025020301A200,冷却,,12.5,31.7,0.173,7.7,45.5
2025/2/3 8:27,KMC2025020301A200,冷却,,12.5,30.9,0.178,6.5,44.4
2025/2/3 8:28,KMC2025020301A200,冷却,,12.5,30,0.18,8.8,45.9
2025/2/3 8:29,KMC2025020301A200,冷却,,12.5,29.2,0.188,8.4,45.9
2025/2/3 8:30,KMC2025020301A200,冷却,,12.5,28.4,0.194,6.5,45.3
2025/2/3 8:31,KMC2025020301A200,冷却,,12.5,27.8,0.184,6.1,45
2025/2/3 8:32,KMC2025020301A200,冷却,,12.5,27.1,0.189,7,45.8
2025/2/3 8:33,KMC2025020301A200,冷却,,12.5,26.4,0.195,8,44.3
2025/2/3 8:34,KMC2025020301A200,冷却,,12.5,25.8,0.2,7.8,44.3
2025/2/3 8:35,KMC2025020301A200,冷却,,12.5,25.1,0.191,5.5,44.9
2025/2/3 8:36,KMC2025020301A200,充填移送,攪拌待機中,12.7,24.5,0,7,44.5
2025/2/3 8:37,KMC2025020301A200,充填移送,攪拌待機中,12.6,24.1,0,7.1,44.9
2025/2/3 8:38,KMC2025020301A200,充填移送,攪拌待機中,12.7,24.4,0,7.2,44.9
2025/2/3 8:39,KMC2025020301A200,充填移送,攪拌待機中,12.9,24.7,0,7.3,45.3
2025/2/3 8:40,KMC2025020301A200,充填移送,攪拌待機中,12.9,24.8,0,6.9,44.6
2025/2/3 8:41,KMC2025020301A200,充填移送,攪拌待機中,13,25,0,7,44.8
2025/2/3 8:42,KMC2025020301A200,充填移送,攪拌待機中,13.1,25.3,0,6.8,45.5
2025/2/3 8:43,KMC2025020301A200,充填移送,攪拌待機中,13,25.6,0,6.3,45.9
2025/2/3 8:44,KMC2025020301A200,充填移送,攪拌待機中,13,25.8,0,7.2,45.3
2025/2/3 8:45,KMC2025020301A200,充填移送,攪拌待機中,12.9,26,0,6.8,44.4
2025/2/3 8:46,KMC2025020301A200,充填移送,攪拌待機中,13,26.1,0,7.3,44.6
2025/2/3 8:47,KMC2025020301A200,充填移送,攪拌待機中,13,26.4,0,7,45
2025/2/3 8:48,KMC2025020301A200,充填移送,攪拌待機中,13,26.6,0,7.6,44.7
2025/2/3 8:49,KMC2025020301A200,充填移送,攪拌待機中,13.2,26.9,0,7.5,44.8
2025/2/3 8:50,KMC2025020301A200,充填移送,攪拌待機中,13.2,27,0,8,44.6
2025/2/3 8:51,KMC2025020301A200,充填移送,攪拌待機中,13.1,27.1,0,6.1,45.2
2025/2/3 8:52,KMC2025020301A200,充填移送,攪拌待機中,13,27.2,0,7.3,44.1
2025/2/3 8:53,KMC2025020301A200,充填移送,攪拌待機中,13,27.3,0,7.6,45.3
2025/2/3 8:54,KMC2025020301A200,充填移送,攪拌待機中,12.9,27.3,0,7.2,44.8
2025/2/3 8:55,KMC2025020301A200,充填移送,攪拌待機中,12.9,27.3,0,7.2,44.3
2025/2/3 8:56,KMC2025020301A200,充填移送,攪拌待機中,12.8,27.3,0,8.1,44.7
2025/2/3 8:57,KMC2025020301A200,充填移送,攪拌待機中,12.7,27.5,0,8.2,45.8
2025/2/3 8:58,KMC2025020301A200,充填移送,攪拌待機中,12.6,27.6,0,5.9,45.8
2025/2/3 8:59,KMC2025020301A200,充填移送,攪拌待機中,12.7,27.8,0,8.4,45.9
2025/2/3 9:00,KMC2025020301A200,充填移送,攪拌待機中,12.6,28,0,7,45.3
2025/2/3 9:01,KMC2025020301A200,充填移送,攪拌待機中,12.7,28.2,0,7.4,44.5
2025/2/3 9:02,KMC2025020301A200,充填移送,攪拌待機中,12.8,28.3,0,8.4,45.1
2025/2/3 9:03,KMC2025020301A200,充填移送,攪拌待機中,12.8,28.6,0,5.6,45.7
2025/2/3 9:04,KMC2025020301A200,充填移送,攪拌待機中,13,28.8,0,8,45.2
2025/2/3 9:05,KMC2025020301A200,充填移送,攪拌待機中,12.9,28.8,0,6.2,44.3
2025/2/3 9:06,KMC2025020301A200,洗浄,荒洗い,11.6,29,0,7,44.7
2025/2/3 9:07,KMC2025020301A200,洗浄,荒洗い,12.5,29.2,0,7.2,45.2
2025/2/3 9:08,KMC2025020301A200,洗浄,荒洗い,12.1,6.5,0,7.3,45.8
2025/2/3 9:09,KMC2025020301A200,洗浄,荒洗い,12.2,7.2,0,7.2,45.6
2025/2/3 9:10,KMC2025020301A200,洗浄,荒洗い,12.3,6.7,0,7.1,44.1
2025/2/3 9:11,KMC2025020301A200,洗浄,昇温,39.2,6.2,0,7,45.2
2025/2/3 9:12,KMC2025020301A200,洗浄,昇温,59.5,7,0.088,6.6,46
2025/2/3 9:13,KMC2025020301A200,洗浄,昇温,74.7,10.1,0.157,6.7,45.6
2025/2/3 9:14,KMC2025020301A200,洗浄,昇温,86.2,15.1,0.211,6.6,45.7
2025/2/3 9:15,KMC2025020301A200,洗浄,昇温,94.7,20.9,0.253,6.7,44.3
2025/2/3 9:16,KMC2025020301A200,洗浄,昇温,101,27.5,0.285,7,44.8
2025/2/3 9:17,KMC2025020301A200,洗浄,昇温,105.7,34.1,0.311,7.1,45.4
2025/2/3 9:18,KMC2025020301A200,洗浄,昇温,109.2,40.7,0.33,7.4,44
2025/2/3 9:19,KMC2025020301A200,洗浄,昇温,111.7,47.1,0.346,7.3,44.8
2025/2/3 9:20,KMC2025020301A200,洗浄,昇温,113.7,53.2,0.358,7.6,45.2
2025/2/3 9:21,KMC2025020301A200,洗浄,高温保持,100,59.2,0.3,6.7,44.3
2025/2/3 9:22,KMC2025020301A200,洗浄,高温保持,100.2,64.5,0.3,7.2,44.7
2025/2/3 9:23,KMC2025020301A200,洗浄,高温保持,100.4,95.1,0.3,6.3,45.3
2025/2/3 9:24,KMC2025020301A200,洗浄,高温保持,100.4,95.2,0.3,6.3,45.2
2025/2/3 9:25,KMC2025020301A200,洗浄,高温保持,100.2,95.2,0.3,6.2,45
2025/2/3 9:26,KMC2025020301A200,洗浄,高温保持,100,95.3,0.3,7.4,45.1
2025/2/3 9:27,KMC2025020301A200,洗浄,高温保持,99.8,95.1,0.3,7.3,44.8
2025/2/3 9:28,KMC2025020301A200,洗浄,高温保持,99.6,95.1,0.3,7.6,44.6
2025/2/3 9:29,KMC2025020301A200,洗浄,高温保持,99.6,95.3,0.3,7.9,44.5
2025/2/3 9:30,KMC2025020301A200,洗浄,高温保持,99.8,95.2,0.3,7.8,44.5
2025/2/3 9:31,KMC2025020301A200,洗浄,冷却,8.2,95.2,0.15,6.2,44.1
2025/2/3 9:32,KMC2025020301A200,洗浄,冷却,8.9,95.2,0.15,6.9,44.6
2025/2/3 9:33,KMC2025020301A200,洗浄,冷却,8,90.8,0.15,6,45
2025/2/3 9:34,KMC2025020301A200,洗浄,冷却,8.9,86.8,0.15,6.9,45.1
2025/2/3 9:35,KMC2025020301A200,洗浄,冷却,9,82.9,0.15,7,45.1
2025/2/3 9:36,KMC2025020301A200,洗浄,冷却,8.3,79.4,0.15,6.3,45.6
2025/2/3 9:37,KMC2025020301A200,洗浄,冷却,9.8,76,0.15,7.8,45.5
2025/2/3 9:38,KMC2025020301A200,洗浄,冷却,9.6,72.9,0.15,7.6,45.3
2025/2/3 9:39,KMC2025020301A200,洗浄,冷却,8.5,70.2,0.15,6.5,45.9
2025/2/3 9:40,KMC2025020301A200,洗浄,冷却,8.8,67.6,0.15,6.8,44.2
2025/2/3 9:41,KMC2025020301A200,洗浄,冷却,9.6,65.2,0.15,7.6,44.7
2025/2/3 9:42,KMC2025020301A200,洗浄,冷却,9.2,62.8,0.15,7.2,44.1
2025/2/3 9:43,KMC2025020301A200,洗浄,冷却,8.1,60.4,0.15,6.1,45.3
2025/2/3 9:44,KMC2025020301A200,洗浄,冷却,7.6,58.4,0.15,5.6,45.1
2025/2/3 9:45,KMC2025020301A200,洗浄,冷却,8.8,56.5,0.15,6.8,44
2025/2/3 9:46,KMC2025020301A200,洗浄,冷却,9.1,54.6,0.15,7.1,45.8
2025/2/3 9:47,KMC2025020301A200,洗浄,冷却,10.3,52.7,0.15,8.3,44.4
2025/2/3 9:48,KMC2025020301A200,洗浄,冷却,9.8,51.2,0.15,7.8,44.8
2025/2/3 9:49,KMC2025020301A200,洗浄,冷却,9.8,49.8,0.15,7.8,45.5
2025/2/3 9:50,KMC2025020301A200,洗浄,冷却,10,48.4,0.15,8,45.9
2025/2/3 9:51,KMC2025020301A200,洗浄,冷却,10.3,47,0.15,8.3,44.8
2025/2/3 9:52,KMC2025020301A200,洗浄,冷却,7.9,45.7,0.15,5.9,44.5
2025/2/3 9:53,KMC2025020301A200,洗浄,冷却,8.4,44.6,0.15,6.4,44
2025/2/3 9:54,KMC2025020301A200,洗浄,冷却,9.5,43.2,0.15,7.5,45.8
2025/2/3 9:55,KMC2025020301A200,洗浄,冷却,8.8,42.1,0.15,6.8,45
2025/2/3 9:56,KMC2025020301A200,洗浄,冷却,8.5,40.9,0.15,6.5,45.4
2025/2/3 9:57,KMC2025020301A200,洗浄,冷却,10,40,0.15,8,44.4
2025/2/3 9:58,KMC2025020301A200,洗浄,冷却,9.4,39.1,0.15,7.4,45.5
2025/2/3 9:59,KMC2025020301A200,洗浄,冷却,10.2,38.3,0.15,8.2,44.2
2025/2/3 10:00,KMC2025020301A200,洗浄,冷却,8.6,37.7,0.15,6.6,45.2
2025/2/3 10:01,KMC2025020301A200,洗浄,冷却,10.7,36.8,0.15,8.7,45
2025/2/3 10:02,KMC2025020301A200,洗浄,冷却,7.5,36.2,0.15,5.5,45.7
2025/2/3 10:03,KMC2025020301A200,洗浄,冷却,8.6,35.4,0.15,6.6,45.3
2025/2/3 10:04,KMC2025020301A200,洗浄,冷却,9.3,34.8,0.15,7.3,44
2025/2/3 10:05,KMC2025020301A200,洗浄,冷却,9.9,34.2,0.15,7.9,45.5
2025/3/3 6:00,KMC2025030301A200,材料仕込み,仕込み開始,10.1,33.6,-0.008,10,49.2
2025/3/3 6:01,KMC2025030301A200,材料仕込み,水投入,10.6,33.1,-0.008,10.2,50.4
2025/3/3 6:02,KMC2025030301A200,材料仕込み,水投入,10.5,11,0,10.3,50.5
2025/3/3 6:03,KMC2025030301A200,材料仕込み,冷凍肉投入,10.5,9.5,0,10.4,50.4
2025/3/3 6:04,KMC2025030301A200,材料仕込み,冷凍肉投入,10.2,9.5,0,9.9,49.5
2025/3/3 6:05,KMC2025030301A200,材料仕込み,冷凍肉投入,10.5,9.5,0,10.3,49
2025/3/3 6:06,KMC2025030301A200,材料仕込み,冷凍野菜投入,10,9.5,0,9.5,49.6
2025/3/3 6:07,KMC2025030301A200,材料仕込み,冷凍野菜投入,10,9.5,0,9.7,49.5
2025/3/3 6:08,KMC2025030301A200,材料仕込み,冷凍野菜投入,11,9.5,0,10.5,49.7
2025/3/3 6:09,KMC2025030301A200,材料仕込み,香辛料投入,9.9,9.5,0,10,49.7
2025/3/3 6:10,KMC2025030301A200,材料仕込み,香辛料投入,9.5,9.5,0,9.9,49.5
2025/3/3 6:11,KMC2025030301A200,材料仕込み,小麦粉投入,10,9.5,0,9.8,49.6
2025/3/3 6:12,KMC2025030301A200,材料仕込み,小麦粉投入,10,9.8,0,9.8,50.5
2025/3/3 6:13,KMC2025030301A200,材料仕込み,調味料投入,10.2,10,0,10.6,50.3
2025/3/3 6:14,KMC2025030301A200,材料仕込み,調味料投入,10.2,9.9,0,10.1,50.7
2025/3/3 6:15,KMC2025030301A200,材料仕込み,撹拌,9.6,9.8,0,9.2,49.4
2025/3/3 6:16,KMC2025030301A200,材料仕込み,撹拌,8.8,9.6,0,8.9,49.8
2025/3/3 6:17,KMC2025030301A200,材料仕込み,撹拌,9.9,9.5,0,10,49.6
2025/3/3 6:18,KMC2025030301A200,材料仕込み,撹拌,9.2,9.8,0,9,50.8
2025/3/3 6:19,KMC2025030301A200,材料仕込み,撹拌,10.5,9.8,0,10.5,50.3
2025/3/3 6:22,KMC2025030301A200,昇温,,17.1,10.2,0,10,50.1
2025/3/3 6:23,KMC2025030301A200,昇温,,19.3,10.1,0.073,10.2,49.7
2025/3/3 6:24,KMC2025030301A200,昇温,,21.3,10.3,0.132,10.3,49.6
2025/3/3 6:25,KMC2025030301A200,昇温,,23.3,12.9,0.18,10.2,50.8
2025/3/3 6:26,KMC2025030301A200,昇温,,43.1,15.5,0.22,10.1,50.9
2025/3/3 6:27,KMC2025030301A200,昇温,,59,18.1,0.253,9.8,49.7
2025/3/3 6:28,KMC2025030301A200,昇温,,71.6,20.7,0.28,9.6,50
2025/3/3 6:29,KMC2025030301A200,昇温,,81.7,23,0.301,9.6,49.1
2025/3/3 6:30,KMC2025030301A200,昇温,,89.8,25.7,0.319,9.7,49.4
2025/3/3 6:31,KMC2025030301A200,昇温,,96.4,27.8,0.334,10.3,50.8
2025/3/3 6:32,KMC2025030301A200,昇温,,101.6,30.4,0.346,10.1,49.7
2025/3/3 6:33,KMC2025030301A200,昇温,,105.7,33.1,0.356,10.1,50.9
2025/3/3 6:34,KMC2025030301A200,昇温,,109.1,35.6,0.364,10.5,50.8
2025/3/3 6:35,KMC2025030301A200,昇温,,111.7,38.4,0.37,10,50.3
2025/3/3 6:36,KMC2025030301A200,昇温,,113.8,41.1,0.376,9.7,49
2025/3/3 6:37,KMC2025030301A200,昇温,,115.6,43.8,0.38,10.5,49.3
2025/3/3 6:38,KMC2025030301A200,昇温,,116.9,46.5,0.38,9.8,49.4
2025/3/3 6:39,KMC2025030301A200,昇温,,118,49,0.38,10.2,50.3
2025/3/3 6:40,KMC2025030301A200,昇温,,118.9,51.4,0.38,9.9,51
2025/3/3 6:41,KMC2025030301A200,昇温,,119.5,54,0.38,9.5,50.5
2025/3/3 6:42,KMC2025030301A200,昇温,,120.1,56.5,0.38,10.6,49.3
2025/3/3 6:43,KMC2025030301A200,昇温,,120.5,58.7,0.38,9.8,49.4
2025/3/3 6:44,KMC2025030301A200,昇温,,120.9,61.4,0.38,9.4,49.4
2025/3/3 6:45,KMC2025030301A200,昇温,,121.1,64,0.38,9.2,49.2
2025/3/3 6:46,KMC2025030301A200,昇温,,121.5,66.9,0.38,11.8,51
2025/3/3 6:47,KMC2025030301A200,昇温,,121.7,69.6,0.38,11.6,50.5
2025/3/3 6:48,KMC2025030301A200,昇温,,121.9,72.5,0.38,11.9,50.6
2025/3/3 6:49,KMC2025030301A200,昇温,,122,74.8,0.38,9,50.1
2025/3/3 6:50,KMC2025030301A200,昇温,,122.1,77.4,0.38,11.3,50
2025/3/3 6:51,KMC2025030301A200,昇温,,122.2,79.8,0.38,11.6,51
2025/3/3 6:52,KMC2025030301A200,煮込み,工程切替,122.2,82.2,0.195,10,50.3
2025/3/3 6:53,KMC2025030301A200,煮込み,工程切替,122,84.8,0.009,10.2,50.2
2025/3/3 6:54,KMC2025030301A200,煮込み,放熱OFF,82,84.8,0.012,10,50.2
2025/3/3 6:55,KMC2025030301A200,煮込み,加熱ON,93.7,84.9,0.098,10.1,50.9
2025/3/3 6:56,KMC2025030301A200,煮込み,放熱OFF,82.2,84.6,0.063,10.3,49.4
2025/3/3 6:57,KMC2025030301A200,煮込み,放熱OFF,81.5,85.1,0.041,10.4,50.3
2025/3/3 6:58,KMC2025030301A200,煮込み,放熱OFF,82.2,85.1,0.028,10.2,50
2025/3/3 6:59,KMC2025030301A200,煮込み,放熱OFF,81.8,85.1,0.018,10.2,49.5
2025/3/3 7:00,KMC2025030301A200,煮込み,放熱OFF,81.2,85.3,0.02,10,49.8
2025/3/3 7:01,KMC2025030301A200,煮込み,放熱OFF,82,85.2,0.006,9.9,50.6
2025/3/3 7:02,KMC2025030301A200,煮込み,加熱ON,93.9,84.9,0.085,9.4,50.3
2025/3/3 7:03,KMC2025030301A200,煮込み,加熱ON,93.4,84.4,0.146,9.7,49.2
2025/3/3 7:04,KMC2025030301A200,煮込み,放熱OFF,82.5,84.6,0.086,10,49.1
2025/3/3 7:05,KMC2025030301A200,煮込み,加熱ON,93.3,84.9,0.155,10.3,49.3
2025/3/3 7:06,KMC2025030301A200,煮込み,放熱OFF,81.9,84.7,0.094,9.8,49.9
2025/3/3 7:07,KMC2025030301A200,煮込み,放熱OFF,83.2,85,0.051,10.7,49.6
2025/3/3 7:08,KMC2025030301A200,煮込み,放熱OFF,82.7,85,0.03,10.7,49.3
2025/3/3 7:09,KMC2025030301A200,煮込み,放熱OFF,81.4,85.2,0.021,10,50.1
2025/3/3 7:10,KMC2025030301A200,煮込み,放熱OFF,82,85.2,0.018,10.3,49.8
2025/3/3 7:11,KMC2025030301A200,煮込み,放熱OFF,82.5,85.2,0.013,9.9,49
2025/3/3 7:12,KMC2025030301A200,煮込み,放熱OFF,80.9,85.1,0.015,9.5,49.7
2025/3/3 7:13,KMC2025030301A200,煮込み,放熱OFF,81.9,85.1,0.001,9.5,49.6
2025/3/3 7:14,KMC2025030301A200,煮込み,加熱ON,93.7,84.9,0.089,10.3,50.7
2025/3/3 7:15,KMC2025030301A200,煮込み,放熱OFF,81,84.5,0.047,9.7,49.4
2025/3/3 7:16,KMC2025030301A200,煮込み,加熱ON,93.7,84.7,0.116,9.5,49.4
2025/3/3 7:17,KMC2025030301A200,煮込み,放熱OFF,81.3,84.6,0.065,10.6,49.2
2025/3/3 7:18,KMC2025030301A200,煮込み,放熱OFF,81.6,84.8,0.049,9.9,50.1
2025/3/3 7:19,KMC2025030301A200,煮込み,放熱OFF,81.7,84.7,0.021,9.5,50.5
2025/3/3 7:20,KMC2025030301A200,煮込み,放熱OFF,81.4,84.7,0.01,10.6,49
2025/3/3 7:21,KMC2025030301A200,煮込み,放熱OFF,83.1,84.9,0.014,10.2,49.3
2025/3/3 7:22,KMC2025030301A200,煮込み,放熱OFF,81.1,85,-0.001,9.4,50.5
2025/3/3 7:23,KMC2025030301A200,煮込み,放熱OFF,82.1,85.1,0.001,9.7,49.9
2025/3/3 7:24,KMC2025030301A200,煮込み,加熱ON,93.4,84.9,0.079,8.7,50.3
2025/3/3 7:25,KMC2025030301A200,煮込み,放熱OFF,82.3,84.6,0.051,9.1,50.4
2025/3/3 7:26,KMC2025030301A200,煮込み,加熱ON,94.2,84.8,0.13,9,49.3
2025/3/3 7:27,KMC2025030301A200,煮込み,加熱ON,93.3,84.4,0.192,10.7,49.1
2025/3/3 7:28,KMC2025030301A200,煮込み,放熱OFF,82.4,84.7,0.11,10.9,50.3
2025/3/3 7:29,KMC2025030301A200,煮込み,放熱OFF,81.5,85,0.065,11,49.6
2025/3/3 7:30,KMC2025030301A200,煮込み,放熱OFF,81.5,84.9,0.045,11.2,49.8
2025/3/3 7:31,KMC2025030301A200,煮込み,放熱OFF,83.1,85,0.033,10.7,50.4
2025/3/3 7:32,KMC2025030301A200,煮込み,放熱OFF,81.4,85.1,0.011,11,49.1
2025/3/3 7:33,KMC2025030301A200,煮込み,放熱OFF,81.8,85.2,0.003,10.2,49.9
2025/3/3 7:34,KMC2025030301A200,煮込み,放熱OFF,80.8,85.2,0.002,10.9,49.5
2025/3/3 7:35,KMC2025030301A200,煮込み,加熱ON,93.8,84.9,0.073,9.3,49.6
2025/3/3 7:36,KMC2025030301A200,煮込み,放熱OFF,82,84.5,0.036,10.3,50.1
2025/3/3 7:37,KMC2025030301A200,煮込み,加熱ON,94.1,84.8,0.106,10.7,50.7
2025/3/3 7:38,KMC2025030301A200,煮込み,放熱OFF,82.5,84.4,0.067,9,50.6
2025/3/3 7:39,KMC2025030301A200,煮込み,放熱OFF,82.9,84.9,0.046,10.2,50.5
2025/3/3 7:40,KMC2025030301A200,煮込み,放熱OFF,82.4,84.8,0.037,10.1,50.6
2025/3/3 7:41,KMC2025030301A200,煮込み,放熱OFF,82.5,84.9,0.013,10.6,50.7
2025/3/3 7:42,KMC2025030301A200,煮込み,放熱OFF,82.2,85.1,0.015,11.5,50.9
2025/3/3 7:43,KMC2025030301A200,煮込み,放熱OFF,82.9,85.2,0.005,9.6,49.7
2025/3/3 7:44,KMC2025030301A200,煮込み,放熱OFF,81.6,85.2,-0.004,11,50.7
2025/3/3 7:45,KMC2025030301A200,煮込み,放熱OFF,81.7,85.2,-0.007,9.8,50
2025/3/3 7:46,KMC2025030301A200,煮込み,放熱OFF,81.9,85,0.003,11,49.4
2025/3/3 7:47,KMC2025030301A200,煮込み,加熱ON,94.4,84.7,0.08,11.4,50.6
2025/3/3 7:48,KMC2025030301A200,煮込み,加熱ON,93.5,84.3,0.152,10.5,49.7
2025/3/3 7:49,KMC2025030301A200,煮込み,放熱OFF,82.4,84.6,0.089,9.5,49.4
2025/3/3 7:50,KMC2025030301A200,煮込み,加熱ON,93.5,84.9,0.145,11.5,49
2025/3/3 7:51,KMC2025030301A200,煮込み,放熱OFF,83.4,84.7,0.078,9.6,49.9
2025/3/3 7:52,KMC2025030301A200,煮込み,放熱OFF,82.1,85.2,0.053,8.7,50.8
2025/3/3 7:53,KMC2025030301A200,煮込み,放熱OFF,83.3,85.4,0.027,8.7,49
2025/3/3 7:54,KMC2025030301A200,煮込み,デッドタイム,83.3,85.4,0.027,8.7,49
2025/3/3 7:56,KMC2025030301A200,冷却,,14.9,85.5,0.043,10,50.5
2025/3/3 7:57,KMC2025030301A200,冷却,,14.9,85.5,0.063,10.2,50.2
2025/3/3 7:58,KMC2025030301A200,冷却,,14.9,82.4,0.087,10.4,49.8
2025/3/3 7:59,KMC2025030301A200,冷却,,14.9,79.4,0.098,10.4,50.5
2025/3/3 8:00,KMC2025030301A200,冷却,,14.9,76.5,0.102,10.2,49.2
2025/3/3 8:01,KMC2025030301A200,冷却,,14.9,73.9,0.113,10,50.1
2025/3/3 8:02,KMC2025030301A200,冷却,,14.9,71.2,0.131,9.8,50.4
2025/3/3 8:03,KMC2025030301A200,冷却,,14.9,68.6,0.139,9.8,50.9
2025/3/3 8:04,KMC2025030301A200,冷却,,14.9,66.2,0.141,9.7,50.5
2025/3/3 8:05,KMC2025030301A200,冷却,,14.9,63.9,0.14,9.7,50.1
2025/3/3 8:06,KMC2025030301A200,冷却,,14.9,61.7,0.152,9.8,51
2025/3/3 8:07,KMC2025030301A200,冷却,,14.9,59.6,0.161,10.4,49.4
2025/3/3 8:08,KMC2025030301A200,冷却,,14.9,57.6,0.164,10.1,49.5
2025/3/3 8:09,KMC2025030301A200,冷却,,14.9,55.8,0.157,10.8,49
2025/3/3 8:10,KMC2025030301A200,冷却,,14.9,54.1,0.153,10.5,50.9
2025/3/3 8:11,KMC2025030301A200,冷却,,14.9,52.3,0.166,9.7,49.7
2025/3/3 8:12,KMC2025030301A200,冷却,,14.9,50.8,0.17,10.8,50.5
2025/3/3 8:13,KMC2025030301A200,冷却,,14.9,49.3,0.164,9.2,50.6
2025/3/3 8:14,KMC2025030301A200,冷却,,14.9,48,0.165,9.1,50.6
2025/3/3 8:15,KMC2025030301A200,冷却,,14.9,46.6,0.177,9.3,49.2
2025/3/3 8:16,KMC2025030301A200,冷却,,14.9,45.4,0.182,9.8,50.3
2025/3/3 8:17,KMC2025030301A200,冷却,,14.9,44,0.182,10.7,50.3
2025/3/3 8:18,KMC2025030301A200,冷却,,14.9,42.8,0.175,10,50
2025/3/3 8:19,KMC2025030301A200,冷却,,14.9,41.6,0.179,10,49.8
2025/3/3 8:20,KMC2025030301A200,冷却,,14.9,40.6,0.179,11.4,49.3
2025/3/3 8:21,KMC2025030301A200,冷却,,14.9,39.4,0.17,9.6,49.9
2025/3/3 8:22,KMC2025030301A200,冷却,,14.9,38.4,0.17,10.9,50.5
2025/3/3 8:23,KMC2025030301A200,冷却,,14.9,37.6,0.17,11.2,49.9
2025/3/3 8:24,KMC2025030301A200,冷却,,14.9,36.6,0.168,9.8,50.4
2025/3/3 8:25,KMC2025030301A200,冷却,,14.9,35.5,0.164,8.8,50.2
2025/3/3 8:26,KMC2025030301A200,冷却,,14.9,34.6,0.169,10.4,50.5
2025/3/3 8:27,KMC2025030301A200,冷却,,14.9,33.7,0.161,9.7,49.3
2025/3/3 8:28,KMC2025030301A200,冷却,,14.9,32.8,0.165,8.2,50.7
2025/3/3 8:29,KMC2025030301A200,冷却,,14.9,31.9,0.174,8.6,49.6
2025/3/3 8:30,KMC2025030301A200,冷却,,14.9,31.2,0.182,9,49.7
2025/3/3 8:31,KMC2025030301A200,冷却,,14.9,30.5,0.187,10,49.3
2025/3/3 8:32,KMC2025030301A200,冷却,,14.9,29.7,0.187,8.8,49.1
2025/3/3 8:33,KMC2025030301A200,冷却,,14.9,29,0.181,10.6,50.4
2025/3/3 8:34,KMC2025030301A200,冷却,,14.9,28.6,0.177,10.9,50.7
2025/3/3 8:35,KMC2025030301A200,冷却,,14.9,28.1,0.175,8.7,49.5
2025/3/3 8:36,KMC2025030301A200,充填移送,攪拌待機中,15,27.4,0,10,49.8
2025/3/3 8:37,KMC2025030301A200,充填移送,攪拌待機中,15,27,0,10.2,49.5
2025/3/3 8:38,KMC2025030301A200,充填移送,攪拌待機中,14.9,27.1,0,10.2,51
2025/3/3 8:39,KMC2025030301A200,充填移送,攪拌待機中,14.9,27.3,0,10.2,49.7
2025/3/3 8:40,KMC2025030301A200,充填移送,攪拌待機中,14.9,27.6,0,10.2,51
2025/3/3 8:41,KMC2025030301A200,充填移送,攪拌待機中,15,27.8,0,10.3,49.8
2025/3/3 8:42,KMC2025030301A200,充填移送,攪拌待機中,15,28,0,9.7,49
2025/3/3 8:43,KMC2025030301A200,充填移送,攪拌待機中,15,28,0,10.1,49.4
2025/3/3 8:44,KMC2025030301A200,充填移送,攪拌待機中,14.8,28.1,0,9.3,49.2
2025/3/3 8:45,KMC2025030301A200,充填移送,攪拌待機中,14.7,28.3,0,9.6,50.3
2025/3/3 8:46,KMC2025030301A200,充填移送,攪拌待機中,14.6,28.4,0,10.3,49.2
2025/3/3 8:47,KMC2025030301A200,充填移送,攪拌待機中,14.5,28.6,0,9.5,50.3
2025/3/3 8:48,KMC2025030301A200,充填移送,攪拌待機中,14.3,28.8,0,10.8,49.6
2025/3/3 8:49,KMC2025030301A200,充填移送,攪拌待機中,14.4,29,0,9.9,49.2
2025/3/3 8:50,KMC2025030301A200,充填移送,攪拌待機中,14.5,29.1,0,9.4,49.5
2025/3/3 8:51,KMC2025030301A200,充填移送,攪拌待機中,14.6,29.1,0,10.7,50.1
2025/3/3 8:52,KMC2025030301A200,充填移送,攪拌待機中,14.5,29.1,0,11,50.9
2025/3/3 8:53,KMC2025030301A200,充填移送,攪拌待機中,14.3,29.3,0,10.2,50.6
2025/3/3 8:54,KMC2025030301A200,充填移送,攪拌待機中,14.1,29.4,0,8.8,50.3
2025/3/3 8:55,KMC2025030301A200,充填移送,攪拌待機中,14.3,29.4,0,10.5,49.8
2025/3/3 8:56,KMC2025030301A200,充填移送,攪拌待機中,14.5,29.7,0,10.6,50.2
2025/3/3 8:57,KMC2025030301A200,充填移送,攪拌待機中,14.6,29.8,0,10.8,49
2025/3/3 8:58,KMC2025030301A200,充填移送,攪拌待機中,14.8,29.8,0,9.6,50.6
2025/3/3 8:59,KMC2025030301A200,充填移送,攪拌待機中,14.9,29.8,0,9.9,50.9
2025/3/3 9:00,KMC2025030301A200,充填移送,攪拌待機中,14.8,29.7,0,9.1,50.7
2025/3/3 9:01,KMC2025030301A200,充填移送,攪拌待機中,14.7,29.9,0,10.4,50.9
2025/3/3 9:02,KMC2025030301A200,充填移送,攪拌待機中,14.6,30.1,0,11.1,50.9
2025/3/3 9:03,KMC2025030301A200,充填移送,攪拌待機中,14.6,30.2,0,10.9,50.1
2025/3/3 9:04,KMC2025030301A200,充填移送,攪拌待機中,14.4,30.2,0,8.4,50.4
2025/3/3 9:05,KMC2025030301A200,充填移送,攪拌待機中,14.3,30.2,0,9.9,50
2025/3/3 9:06,KMC2025030301A200,洗浄,荒洗い,15.4,30.4,0,10,50
2025/3/3 9:07,KMC2025030301A200,洗浄,荒洗い,14.8,30.3,0,10.1,50.5
2025/3/3 9:08,KMC2025030301A200,洗浄,荒洗い,15.3,10.3,0,10.2,49
2025/3/3 9:09,KMC2025030301A200,洗浄,荒洗い,15,10.8,0,10.3,50.1
2025/3/3 9:10,KMC2025030301A200,洗浄,荒洗い,14.9,9.7,0,10.4,49.6
2025/3/3 9:11,KMC2025030301A200,洗浄,昇温,41.2,9.7,0,10.2,50.9
2025/3/3 9:12,KMC2025030301A200,洗浄,昇温,60.9,10.3,0.088,10,50.2
2025/3/3 9:13,KMC2025030301A200,洗浄,昇温,75.8,13.2,0.157,9.9,50.7
2025/3/3 9:14,KMC2025030301A200,洗浄,昇温,87,18.1,0.211,9.8,50.5
2025/3/3 9:15,KMC2025030301A200,洗浄,昇温,95.3,23.7,0.253,9.7,50.1
2025/3/3 9:16,KMC2025030301A200,洗浄,昇温,101.5,30.1,0.285,9.8,50.2
2025/3/3 9:17,KMC2025030301A200,洗浄,昇温,106.1,36.5,0.311,10,49.5
2025/3/3 9:18,KMC2025030301A200,洗浄,昇温,109.5,43.1,0.33,10.2,50
2025/3/3 9:19,KMC2025030301A200,洗浄,昇温,112,49.5,0.346,9.9,49.8
2025/3/3 9:20,KMC2025030301A200,洗浄,昇温,113.9,55.6,0.358,10.2,50.2
2025/3/3 9:21,KMC2025030301A200,洗浄,高温保持,100,61.1,0.3,10.2,50.9
2025/3/3 9:22,KMC2025030301A200,洗浄,高温保持,100.2,66.2,0.3,10.1,50.6
2025/3/3 9:23,KMC2025030301A200,洗浄,高温保持,100.4,95.3,0.3,9.7,50
2025/3/3 9:24,KMC2025030301A200,洗浄,高温保持,100.4,95.3,0.3,9.6,50.6
2025/3/3 9:25,KMC2025030301A200,洗浄,高温保持,100.3,95.2,0.3,9.9,49.3
2025/3/3 9:26,KMC2025030301A200,洗浄,高温保持,100.1,95.2,0.3,10.3,50
2025/3/3 9:27,KMC2025030301A200,洗浄,高温保持,99.9,95.3,0.3,10.4,50.8
2025/3/3 9:28,KMC2025030301A200,洗浄,高温保持,99.7,95.5,0.3,9.8,50.3
2025/3/3 9:29,KMC2025030301A200,洗浄,高温保持,99.6,95.6,0.3,9.9,50.2
2025/3/3 9:30,KMC2025030301A200,洗浄,高温保持,99.6,95.5,0.3,10.6,50.6
2025/3/3 9:31,KMC2025030301A200,洗浄,冷却,12.2,95.5,0.15,10.2,49.7
2025/3/3 9:32,KMC2025030301A200,洗浄,冷却,13,95.6,0.15,11,49.9
2025/3/3 9:33,KMC2025030301A200,洗浄,冷却,11.3,91.2,0.15,9.3,50
2025/3/3 9:34,KMC2025030301A200,洗浄,冷却,11.9,87.1,0.15,9.9,49.9
2025/3/3 9:35,KMC2025030301A200,洗浄,冷却,11.9,83.3,0.15,9.9,50.6
2025/3/3 9:36,KMC2025030301A200,洗浄,冷却,12.6,80,0.15,10.6,50.8
2025/3/3 9:37,KMC2025030301A200,洗浄,冷却,11.3,76.6,0.15,9.3,50.7
2025/3/3 9:38,KMC2025030301A200,洗浄,冷却,12.8,73.4,0.15,10.8,49.5
2025/3/3 9:39,KMC2025030301A200,洗浄,冷却,11,70.7,0.15,9,49
2025/3/3 9:40,KMC2025030301A200,洗浄,冷却,11.4,67.8,0.15,9.4,49.9
2025/3/3 9:41,KMC2025030301A200,洗浄,冷却,11.8,65.3,0.15,9.8,49.7
2025/3/3 9:42,KMC2025030301A200,洗浄,冷却,12.9,62.7,0.15,10.9,50
2025/3/3 9:43,KMC2025030301A200,洗浄,冷却,12.2,60.3,0.15,10.2,49.4
2025/3/3 9:44,KMC2025030301A200,洗浄,冷却,11.2,58.1,0.15,9.2,50.2
2025/3/3 9:45,KMC2025030301A200,洗浄,冷却,11.4,56.1,0.15,9.4,49.8
2025/3/3 9:46,KMC2025030301A200,洗浄,冷却,11.3,54.1,0.15,9.3,50.8
2025/3/3 9:47,KMC2025030301A200,洗浄,冷却,10.7,52.4,0.15,8.7,49.5
2025/3/3 9:48,KMC2025030301A200,洗浄,冷却,11.8,50.7,0.15,9.8,50.7
2025/3/3 9:49,KMC2025030301A200,洗浄,冷却,11.3,49.4,0.15,9.3,50.2
2025/3/3 9:50,KMC2025030301A200,洗浄,冷却,10.8,47.9,0.15,8.8,49.4
2025/3/3 9:51,KMC2025030301A200,洗浄,冷却,10.9,46.6,0.15,8.9,49
2025/3/3 9:52,KMC2025030301A200,洗浄,冷却,12.5,45.5,0.15,10.5,50.2
2025/3/3 9:53,KMC2025030301A200,洗浄,冷却,13.5,44.3,0.15,11.5,50.9
2025/3/3 9:54,KMC2025030301A200,洗浄,冷却,12.3,43.1,0.15,10.3,50.1
2025/3/3 9:55,KMC2025030301A200,洗浄,冷却,13.1,41.9,0.15,11.1,50.2
2025/3/3 9:56,KMC2025030301A200,洗浄,冷却,11.9,41,0.15,9.9,49.4
2025/3/3 9:57,KMC2025030301A200,洗浄,冷却,11.7,40.1,0.15,9.7,50.5
2025/3/3 9:58,KMC2025030301A200,洗浄,冷却,10.2,39.1,0.15,8.2,50.4
2025/3/3 9:59,KMC2025030301A200,洗浄,冷却,13.1,38.4,0.15,11.1,50.2
2025/3/3 10:00,KMC2025030301A200,洗浄,冷却,12.6,37.4,0.15,10.6,50.3
2025/3/3 10:01,KMC2025030301A200,洗浄,冷却,13.8,36.8,0.15,11.8,49.9
2025/3/3 10:02,KMC2025030301A200,洗浄,冷却,14,36.3,0.15,12,49.5
2025/3/3 10:03,KMC2025030301A200,洗浄,冷却,10.5,35.4,0.15,8.5,50.2
2025/3/3 10:04,KMC2025030301A200,洗浄,冷却,12.2,34.6,0.15,10.2,50.3
2025/3/3 10:05,KMC2025030301A200,洗浄,冷却,10.6,34,0.15,8.6,49.1
2025/4/7 6:00,KMC2025040701A200,材料仕込み,仕込み開始,14.7,33.5,0.007,15,55
2025/4/7 6:01,KMC2025040701A200,材料仕込み,水投入,15.2,32.8,0.004,15.1,54.5
2025/4/7 6:02,KMC2025040701A200,材料仕込み,水投入,15.3,15.1,0,15.4,54.9
2025/4/7 6:03,KMC2025040701A200,材料仕込み,冷凍肉投入,15.5,13.1,0,15.4,54.9
2025/4/7 6:04,KMC2025040701A200,材料仕込み,冷凍肉投入,16,13,0,15.5,54.5
2025/4/7 6:05,KMC2025040701A200,材料仕込み,冷凍肉投入,15.6,12.7,0,15.6,54
2025/4/7 6:06,KMC2025040701A200,材料仕込み,冷凍野菜投入,15,12.7,0,15.1,54.1
2025/4/7 6:07,KMC2025040701A200,材料仕込み,冷凍野菜投入,13.9,12.7,0,14.2,56
2025/4/7 6:08,KMC2025040701A200,材料仕込み,冷凍野菜投入,14.3,12.7,0,14.3,54.8
2025/4/7 6:09,KMC2025040701A200,材料仕込み,香辛料投入,14.9,12.7,0,14.6,54.8
2025/4/7 6:10,KMC2025040701A200,材料仕込み,香辛料投入,14.8,12.7,0,15.2,54.8
2025/4/7 6:11,KMC2025040701A200,材料仕込み,小麦粉投入,13.6,12.7,0,13.8,54.1
2025/4/7 6:12,KMC2025040701A200,材料仕込み,小麦粉投入,15.3,12.7,0,15.1,54.7
2025/4/7 6:13,KMC2025040701A200,材料仕込み,調味料投入,16.5,12.7,0,16.1,55.2
2025/4/7 6:14,KMC2025040701A200,材料仕込み,調味料投入,16.4,12.9,0,16,54.1
2025/4/7 6:15,KMC2025040701A200,材料仕込み,撹拌,15.1,12.8,0,15.1,54.5
2025/4/7 6:16,KMC2025040701A200,材料仕込み,撹拌,13.8,13.1,0,14.2,55.2
2025/4/7 6:17,KMC2025040701A200,材料仕込み,撹拌,13.3,12.7,0,13.5,54.6
2025/4/7 6:18,KMC2025040701A200,材料仕込み,撹拌,13.4,13,0,13.4,55.7
2025/4/7 6:19,KMC2025040701A200,材料仕込み,撹拌,16,13.3,0,15.7,55.6
2025/4/7 6:20,KMC2025040701A200,材料仕込み,デッドタイム,16,13.4,0,15.7,55.6
2025/4/7 6:21,KMC2025040701A200,昇温,,22.1,13.6,0,15,54.9
2025/4/7 6:22,KMC2025040701A200,昇温,,24.1,13.6,0.073,15.2,54.4
2025/4/7 6:23,KMC2025040701A200,昇温,,26.1,13.5,0.132,15.4,54.6
2025/4/7 6:24,KMC2025040701A200,昇温,,28,16.2,0.18,15.1,55.9
2025/4/7 6:25,KMC2025040701A200,昇温,,47.2,18.9,0.22,15.5,55.6
2025/4/7 6:26,KMC2025040701A200,昇温,,62.4,21.3,0.253,14.9,54.1
2025/4/7 6:27,KMC2025040701A200,昇温,,74.6,23.8,0.28,14.9,55
2025/4/7 6:28,KMC2025040701A200,昇温,,84.4,25.9,0.301,15,55.8
2025/4/7 6:29,KMC2025040701A200,昇温,,92.2,28.3,0.319,14.8,55.9
2025/4/7 6:30,KMC2025040701A200,昇温,,98.5,30.6,0.334,15.1,55
2025/4/7 6:31,KMC2025040701A200,昇温,,103.5,33.1,0.346,15,55.9
2025/4/7 6:32,KMC2025040701A200,昇温,,107.5,35.6,0.356,14.9,54.4
2025/4/7 6:33,KMC2025040701A200,昇温,,110.7,38,0.364,15.4,55.6
2025/4/7 6:34,KMC2025040701A200,昇温,,113.3,40.6,0.37,16,54.7
2025/4/7 6:35,KMC2025040701A200,昇温,,115.4,43.3,0.376,15.3,55.2
2025/4/7 6:36,KMC2025040701A200,昇温,,117,45.7,0.38,16.1,55.6
2025/4/7 6:37,KMC2025040701A200,昇温,,118.4,48.4,0.38,15.7,54.6
2025/4/7 6:38,KMC2025040701A200,昇温,,119.4,50.9,0.38,15.1,54.1
2025/4/7 6:39,KMC2025040701A200,昇温,,120.2,53.4,0.38,15.1,55.2
2025/4/7 6:40,KMC2025040701A200,昇温,,120.8,55.5,0.38,14.1,54.3
2025/4/7 6:41,KMC2025040701A200,昇温,,121.4,57.9,0.38,14.9,55.8
2025/4/7 6:42,KMC2025040701A200,昇温,,121.8,60.4,0.38,14.9,55.3
2025/4/7 6:43,KMC2025040701A200,昇温,,122.1,62.4,0.38,14.6,55.8
2025/4/7 6:44,KMC2025040701A200,昇温,,122.3,64.8,0.38,13.4,55.1
2025/4/7 6:45,KMC2025040701A200,昇温,,122.6,67.7,0.38,15.2,54.3
2025/4/7 6:46,KMC2025040701A200,昇温,,122.8,70.2,0.38,15.1,54.1
2025/4/7 6:47,KMC2025040701A200,昇温,,123,72.5,0.38,16.4,54.2
2025/4/7 6:48,KMC2025040701A200,昇温,,123,75.3,0.38,14.3,55.3
2025/4/7 6:49,KMC2025040701A200,昇温,,123.1,77.7,0.38,15.1,55.9
2025/4/7 6:50,KMC2025040701A200,昇温,,123.2,80.5,0.38,13.8,54.3
2025/4/7 6:51,KMC2025040701A200,煮込み,工程切替,123.3,82.7,0.19,15,54.7
2025/4/7 6:52,KMC2025040701A200,煮込み,工程切替,123,85.3,0.006,14.7,54.2
2025/4/7 6:53,KMC2025040701A200,煮込み,放熱OFF,82.2,85.2,0.013,15,54.8
2025/4/7 6:54,KMC2025040701A200,煮込み,放熱OFF,81.4,85.2,0,15.1,54.9
2025/4/7 6:55,KMC2025040701A200,煮込み,放熱OFF,82.1,85.2,-0.003,15.2,55
2025/4/7 6:56,KMC2025040701A200,煮込み,放熱OFF,82,85.1,0.006,15.3,54.3
2025/4/7 6:57,KMC2025040701A200,煮込み,放熱OFF,82.6,85.1,-0.006,15.3,55
2025/4/7 6:58,KMC2025040701A200,煮込み,放熱OFF,82.8,85.1,0.004,15.2,54.9
2025/4/7 6:59,KMC2025040701A200,煮込み,放熱OFF,82.9,85.2,0.009,14.9,56
2025/4/7 7:00,KMC2025040701A200,煮込み,放熱OFF,81.9,85.1,0.002,14.7,55.3
2025/4/7 7:01,KMC2025040701A200,煮込み,放熱OFF,82.2,84.9,-0.009,14.5,56
2025/4/7 7:02,KMC2025040701A200,煮込み,加熱ON,94,84.7,0.083,14.5,54.9
2025/4/7 7:03,KMC2025040701A200,煮込み,加熱ON,93.3,84.4,0.141,15,55
2025/4/7 7:04,KMC2025040701A200,煮込み,放熱OFF,81.9,84.6,0.087,14.8,55.3
2025/4/7 7:05,KMC2025040701A200,煮込み,加熱ON,93.7,84.7,0.141,15.3,54.8
2025/4/7 7:06,KMC2025040701A200,煮込み,放熱OFF,82.7,84.6,0.085,15.3,55.6
2025/4/7 7:07,KMC2025040701A200,煮込み,放熱OFF,81.7,85,0.059,15,55.7
2025/4/7 7:08,KMC2025040701A200,煮込み,放熱OFF,82.4,85.1,0.032,15.3,55.3
2025/4/7 7:09,KMC2025040701A200,煮込み,放熱OFF,82.1,85.2,0.015,15.3,54.6
2025/4/7 7:10,KMC2025040701A200,煮込み,放熱OFF,82.1,85.4,0.017,14.6,55.6
2025/4/7 7:11,KMC2025040701A200,煮込み,放熱OFF,82.6,85.3,0.017,14.4,54.4
2025/4/7 7:12,KMC2025040701A200,煮込み,放熱OFF,81.5,85.2,0.019,15.5,54.4
2025/4/7 7:13,KMC2025040701A200,煮込み,放熱OFF,81,85.2,0.013,14.4,55.3
2025/4/7 7:14,KMC2025040701A200,煮込み,加熱ON,93.9,84.9,0.089,15,54.8
2025/4/7 7:15,KMC2025040701A200,煮込み,加熱ON,93.2,84.5,0.151,14.8,54.2
2025/4/7 7:16,KMC2025040701A200,煮込み,加熱ON,93.2,84.6,0.197,15,54.4
2025/4/7 7:17,KMC2025040701A200,煮込み,放熱OFF,82.3,84.7,0.11,14.6,55.8
2025/4/7 7:18,KMC2025040701A200,煮込み,放熱OFF,81.8,84.8,0.071,14.4,55.6
2025/4/7 7:19,KMC2025040701A200,煮込み,加熱ON,93.8,84.7,0.135,14.6,55.3
2025/4/7 7:20,KMC2025040701A200,煮込み,放熱OFF,81.7,84.6,0.085,15,54.4
2025/4/7 7:21,KMC2025040701A200,煮込み,放熱OFF,82.8,85.3,0.06,14.6,55.9
2025/4/7 7:22,KMC2025040701A200,煮込み,放熱OFF,82.2,85.4,0.04,16,55.7
2025/4/7 7:23,KMC2025040701A200,煮込み,放熱OFF,83,85.4,0.025,16,54.6
2025/4/7 7:24,KMC2025040701A200,煮込み,放熱OFF,82.9,85.3,0.018,14.2,55.3
2025/4/7 7:25,KMC2025040701A200,煮込み,放熱OFF,82.2,85.1,0.011,14.3,55.4
2025/4/7 7:26,KMC2025040701A200,煮込み,放熱OFF,82.4,84.9,0.01,14.3,54.9
2025/4/7 7:27,KMC2025040701A200,煮込み,加熱ON,93.9,84.8,0.096,14.5,54.8
2025/4/7 7:28,KMC2025040701A200,煮込み,加熱ON,93.5,84.5,0.15,14.8,54.9
2025/4/7 7:29,KMC2025040701A200,煮込み,放熱OFF,82.4,84.6,0.081,14.4,55.3
2025/4/7 7:30,KMC2025040701A200,煮込み,加熱ON,93.5,84.8,0.145,15,55.4
2025/4/7 7:31,KMC2025040701A200,煮込み,放熱OFF,83.1,84.7,0.092,16.5,55.3
2025/4/7 7:32,KMC2025040701A200,煮込み,放熱OFF,82.5,85.2,0.057,14.4,55.9
2025/4/7 7:33,KMC2025040701A200,煮込み,放熱OFF,83.7,85.3,0.041,14.4,55.2
2025/4/7 7:34,KMC2025040701A200,煮込み,放熱OFF,82.4,85.4,0.024,16.1,54.2
2025/4/7 7:35,KMC2025040701A200,煮込み,放熱OFF,82.7,85.6,0.016,15.7,54.3
2025/4/7 7:36,KMC2025040701A200,煮込み,放熱OFF,81.9,85.4,0.004,15.5,54.4
2025/4/7 7:37,KMC2025040701A200,煮込み,放熱OFF,80.7,85.2,0.011,14.3,54.5
2025/4/7 7:38,KMC2025040701A200,煮込み,加熱ON,93.7,84.9,0.094,16,55.8
2025/4/7 7:39,KMC2025040701A200,煮込み,放熱OFF,81,84.5,0.055,13.7,54.1
2025/4/7 7:40,KMC2025040701A200,煮込み,加熱ON,93.6,84.8,0.133,15.1,55.7
2025/4/7 7:41,KMC2025040701A200,煮込み,放熱OFF,81.1,84.6,0.078,15.1,54.7
2025/4/7 7:42,KMC2025040701A200,煮込み,放熱OFF,82.4,84.9,0.038,16.6,54.8
2025/4/7 7:43,KMC2025040701A200,煮込み,放熱OFF,81.8,84.7,0.014,16.6,55.6
2025/4/7 7:44,KMC2025040701A200,煮込み,放熱OFF,82.3,84.7,0.009,15.2,54.9
2025/4/7 7:45,KMC2025040701A200,煮込み,放熱OFF,83,84.9,0.014,14,55.8
2025/4/7 7:46,KMC2025040701A200,煮込み,放熱OFF,82.4,85.1,0.011,16.9,54.7
2025/4/7 7:47,KMC2025040701A200,煮込み,放熱OFF,81.5,85.2,0.015,14.3,54.9
2025/4/7 7:48,KMC2025040701A200,煮込み,放熱OFF,82.8,85.2,0,15,55.2
2025/4/7 7:49,KMC2025040701A200,煮込み,放熱OFF,82.2,85,-0.007,13.8,54.6
2025/4/7 7:50,KMC2025040701A200,煮込み,加熱ON,93.3,84.9,0.079,16.2,54.3
2025/4/7 7:51,KMC2025040701A200,煮込み,放熱OFF,80.9,84.6,0.04,15.4,55.5
2025/4/7 7:52,KMC2025040701A200,煮込み,放熱OFF,80.8,84.9,0.02,15.4,55.4
2025/4/7 7:53,KMC2025040701A200,冷却,,19.1,84.7,0.037,15,54.7
2025/4/7 7:54,KMC2025040701A200,冷却,,19.1,84.5,0.055,15.1,54.8
2025/4/7 7:55,KMC2025040701A200,冷却,,19.1,81.6,0.069,15.2,54.2
2025/4/7 7:56,KMC2025040701A200,冷却,,19.1,78.7,0.076,15.4,54.3
2025/4/7 7:57,KMC2025040701A200,冷却,,19.1,76.2,0.09,15.2,55.7
2025/4/7 7:58,KMC2025040701A200,冷却,,19.1,73.8,0.105,15,55.5
2025/4/7 7:59,KMC2025040701A200,冷却,,19.1,71.3,0.123,15.2,55.5
2025/4/7 8:00,KMC2025040701A200,冷却,,19.1,68.9,0.137,15,55.3
2025/4/7 8:01,KMC2025040701A200,冷却,,19.1,66.8,0.144,14.8,54.8
2025/4/7 8:02,KMC2025040701A200,冷却,,19.1,64.7,0.152,15,55.6
2025/4/7 8:03,KMC2025040701A200,冷却,,19.1,62.7,0.16,14.8,54.4
2025/4/7 8:04,KMC2025040701A200,冷却,,19.1,60.8,0.156,15.2,54.3
2025/4/7 8:05,KMC2025040701A200,冷却,,19.1,58.9,0.168,14.9,54.7
2025/4/7 8:06,KMC2025040701A200,冷却,,19.1,57.1,0.17,14.7,54.8
2025/4/7 8:07,KMC2025040701A200,冷却,,19.1,55.5,0.177,15.6,54.6
2025/4/7 8:08,KMC2025040701A200,冷却,,19.1,53.9,0.177,15.3,55.5
2025/4/7 8:09,KMC2025040701A200,冷却,,19.1,52.3,0.18,15.7,55.3
2025/4/7 8:10,KMC2025040701A200,冷却,,19.1,50.9,0.178,15.5,55
2025/4/7 8:11,KMC2025040701A200,冷却,,19.1,49.4,0.184,15.2,55.8
2025/4/7 8:12,KMC2025040701A200,冷却,,19.1,48,0.191,15.4,54.3
2025/4/7 8:13,KMC2025040701A200,冷却,,19.1,46.7,0.188,15.2,55
2025/4/7 8:14,KMC2025040701A200,冷却,,19.1,45.4,0.183,15.4,55
2025/4/7 8:15,KMC2025040701A200,冷却,,19.1,44.3,0.178,15.6,55.8
2025/4/7 8:16,KMC2025040701A200,冷却,,19.1,43.1,0.177,15,55.6
2025/4/7 8:17,KMC2025040701A200,冷却,,19.1,41.9,0.178,14.3,54.3
2025/4/7 8:18,KMC2025040701A200,冷却,,19.1,41,0.188,14.2,54.1
2025/4/7 8:19,KMC2025040701A200,冷却,,19.1,40.2,0.188,15.2,55.1
2025/4/7 8:20,KMC2025040701A200,冷却,,19.1,39.2,0.195,14.4,55.6
2025/4/7 8:21,KMC2025040701A200,冷却,,19.1,38.4,0.197,14.3,55.1
2025/4/7 8:22,KMC2025040701A200,冷却,,19.1,37.6,0.201,15.9,54.6
2025/4/7 8:23,KMC2025040701A200,冷却,,19.1,36.9,0.19,13.8,55.5
2025/4/7 8:24,KMC2025040701A200,冷却,,19.1,36.1,0.186,15.7,55.6
2025/4/7 8:25,KMC2025040701A200,冷却,,19.1,35.4,0.178,15.7,55.7
2025/4/7 8:26,KMC2025040701A200,冷却,,19.1,34.7,0.184,15.6,55.8
2025/4/7 8:27,KMC2025040701A200,冷却,,19.1,34.1,0.191,14.4,55.2
2025/4/7 8:28,KMC2025040701A200,冷却,,19.1,33.4,0.183,14.4,54.5
2025/4/7 8:29,KMC2025040701A200,冷却,,19.1,32.9,0.19,16.6,55.2
2025/4/7 8:30,KMC2025040701A200,冷却,,19.1,32.3,0.187,14.2,55.1
2025/4/7 8:31,KMC2025040701A200,冷却,,19.1,31.7,0.193,14.1,54.3
2025/4/7 8:32,KMC2025040701A200,冷却,,19.1,31.3,0.196,15.3,55.5
2025/4/7 8:33,KMC2025040701A200,充填移送,攪拌待機中,19,30.7,0,15,55.8
2025/4/7 8:34,KMC2025040701A200,充填移送,攪拌待機中,18.9,30.3,0,15.2,55
2025/4/7 8:35,KMC2025040701A200,充填移送,攪拌待機中,18.9,30.2,0,15.1,54.5
2025/4/7 8:36,KMC2025040701A200,充填移送,攪拌待機中,18.9,30.3,0,15.2,55.3
2025/4/7 8:37,KMC2025040701A200,充填移送,攪拌待機中,18.9,30.3,0,15.2,56
2025/4/7 8:38,KMC2025040701A200,充填移送,攪拌待機中,18.8,30.3,0,15.5,55.8
2025/4/7 8:39,KMC2025040701A200,充填移送,攪拌待機中,18.8,30.3,0,15.2,55.7
2025/4/7 8:40,KMC2025040701A200,充填移送,攪拌待機中,18.7,30.3,0,14.8,54.9
2025/4/7 8:41,KMC2025040701A200,充填移送,攪拌待機中,18.8,30.3,0,15.1,54.1
2025/4/7 8:42,KMC2025040701A200,充填移送,攪拌待機中,18.7,30.3,0,14.2,54.9
2025/4/7 8:43,KMC2025040701A200,充填移送,攪拌待機中,18.6,30.4,0,14.6,54.2
2025/4/7 8:44,KMC2025040701A200,充填移送,攪拌待機中,18.6,30.4,0,14.3,55.1
2025/4/7 8:45,KMC2025040701A200,充填移送,攪拌待機中,18.5,30.5,0,15.1,55.8
2025/4/7 8:46,KMC2025040701A200,充填移送,攪拌待機中,18.4,30.7,0,14.4,55.5
2025/4/7 8:47,KMC2025040701A200,充填移送,攪拌待機中,18.6,30.8,0,15.4,55.9
2025/4/7 8:48,KMC2025040701A200,充填移送,攪拌待機中,18.7,30.9,0,14.5,55.8
2025/4/7 8:49,KMC2025040701A200,充填移送,攪拌待機中,18.7,31,0,15.6,55.7
2025/4/7 8:50,KMC2025040701A200,充填移送,攪拌待機中,18.8,31,0,15.5,54.8
2025/4/7 8:51,KMC2025040701A200,充填移送,攪拌待機中,18.7,31.1,0,14.4,55.8
2025/4/7 8:52,KMC2025040701A200,充填移送,攪拌待機中,18.5,31.1,0,15.7,54.9
2025/4/7 8:53,KMC2025040701A200,充填移送,攪拌待機中,18.4,31.3,0,14.9,54.2
2025/4/7 8:54,KMC2025040701A200,充填移送,攪拌待機中,18.3,31.4,0,13.5,54.4
2025/4/7 8:55,KMC2025040701A200,充填移送,攪拌待機中,18.3,31.6,0,16.2,54.3
2025/4/7 8:56,KMC2025040701A200,充填移送,攪拌待機中,18.2,31.5,0,14.4,54.2
2025/4/7 8:57,KMC2025040701A200,充填移送,攪拌待機中,18.3,31.4,0,16.4,54.1
2025/4/7 8:58,KMC2025040701A200,充填移送,攪拌待機中,18.3,31.5,0,15.6,55.2
2025/4/7 8:59,KMC2025040701A200,充填移送,攪拌待機中,18.3,31.5,0,13.8,55.9
2025/4/7 9:00,KMC2025040701A200,充填移送,攪拌待機中,18.2,31.4,0,14.9,54
2025/4/7 9:01,KMC2025040701A200,充填移送,攪拌待機中,18.3,31.5,0,13.4,54.1
2025/4/7 9:02,KMC2025040701A200,充填移送,攪拌待機中,18.3,31.6,0,16.5,55.5
2025/4/7 9:03,KMC2025040701A200,洗浄,荒洗い,20,31.5,0,15,54.9
2025/4/7 9:04,KMC2025040701A200,洗浄,荒洗い,20.2,31.7,0,15.1,54.2
2025/4/7 9:05,KMC2025040701A200,洗浄,荒洗い,20.4,12.3,0,15.3,55.9
2025/4/7 9:06,KMC2025040701A200,洗浄,荒洗い,20.5,12.2,0,15.4,54.1
2025/4/7 9:07,KMC2025040701A200,洗浄,荒洗い,20.2,13.1,0,15.3,54.8
2025/4/7 9:08,KMC2025040701A200,洗浄,昇温,45.1,13.3,0,15.2,54.3
2025/4/7 9:09,KMC2025040701A200,洗浄,昇温,63.9,13,0.088,15,54.9
2025/4/7 9:10,KMC2025040701A200,洗浄,昇温,78,16.3,0.157,14.6,54.2
2025/4/7 9:11,KMC2025040701A200,洗浄,昇温,88.7,20.9,0.211,14.8,55.3
2025/4/7 9:12,KMC2025040701A200,洗浄,昇温,96.6,26.8,0.253,14.9,55.4
2025/4/7 9:13,KMC2025040701A200,洗浄,昇温,102.5,33.1,0.285,14.5,54
2025/4/7 9:14,KMC2025040701A200,洗浄,昇温,106.9,39.5,0.311,14.6,54.2
2025/4/7 9:15,KMC2025040701A200,洗浄,昇温,110.1,45.8,0.33,15.3,54.9
2025/4/7 9:16,KMC2025040701A200,洗浄,昇温,112.5,52,0.346,15.5,54.5
2025/4/7 9:17,KMC2025040701A200,洗浄,昇温,114.2,57.7,0.358,15.1,55.7
2025/4/7 9:18,KMC2025040701A200,洗浄,高温保持,100,63,0.3,15.2,54
2025/4/7 9:19,KMC2025040701A200,洗浄,高温保持,100.2,68.1,0.3,14.9,54.5
2025/4/7 9:20,KMC2025040701A200,洗浄,高温保持,100.3,95.4,0.3,15.7,54.1
2025/4/7 9:21,KMC2025040701A200,洗浄,高温保持,100.4,95.6,0.3,15.2,55.1
2025/4/7 9:22,KMC2025040701A200,洗浄,高温保持,100.3,95.8,0.3,15.3,54.9
2025/4/7 9:23,KMC2025040701A200,洗浄,高温保持,100.2,95.6,0.3,14.5,54.2
2025/4/7 9:24,KMC2025040701A200,洗浄,高温保持,100,95.6,0.3,15.2,54.4
2025/4/7 9:25,KMC2025040701A200,洗浄,高温保持,99.8,95.4,0.3,14.3,55
2025/4/7 9:26,KMC2025040701A200,洗浄,高温保持,99.7,95.3,0.3,14.5,54.2
2025/4/7 9:27,KMC2025040701A200,洗浄,高温保持,99.6,95.5,0.3,15,54.8
2025/4/7 9:28,KMC2025040701A200,洗浄,冷却,16.9,95.5,0.15,14.9,54.5
2025/4/7 9:29,KMC2025040701A200,洗浄,冷却,17.2,95.6,0.15,15.2,54.9
2025/4/7 9:30,KMC2025040701A200,洗浄,冷却,17.7,91.5,0.15,15.7,54.8
2025/4/7 9:31,KMC2025040701A200,洗浄,冷却,17,87.3,0.15,15,55
2025/4/7 9:32,KMC2025040701A200,洗浄,冷却,17.2,83.7,0.15,15.2,55.5
2025/4/7 9:33,KMC2025040701A200,洗浄,冷却,16.5,80.1,0.15,14.5,54.2
2025/4/7 9:34,KMC2025040701A200,洗浄,冷却,17.7,76.9,0.15,15.7,54.1
2025/4/7 9:35,KMC2025040701A200,洗浄,冷却,17.3,73.7,0.15,15.3,54.4
2025/4/7 9:36,KMC2025040701A200,洗浄,冷却,17,70.7,0.15,15,55.8
2025/4/7 9:37,KMC2025040701A200,洗浄,冷却,16.3,67.8,0.15,14.3,55.7
2025/4/7 9:38,KMC2025040701A200,洗浄,冷却,16,65.2,0.15,14,55.8
2025/4/7 9:39,KMC2025040701A200,洗浄,冷却,16.5,62.6,0.15,14.5,55.8
2025/4/7 9:40,KMC2025040701A200,洗浄,冷却,16.5,60.3,0.15,14.5,54.7
2025/4/7 9:41,KMC2025040701A200,洗浄,冷却,18.4,58.2,0.15,16.4,55.3
2025/4/7 9:42,KMC2025040701A200,洗浄,冷却,17.5,56.1,0.15,15.5,54
2025/4/7 9:43,KMC2025040701A200,洗浄,冷却,17.8,54.3,0.15,15.8,54.8
2025/4/7 9:44,KMC2025040701A200,洗浄,冷却,16.2,52.4,0.15,14.2,55.6
2025/4/7 9:45,KMC2025040701A200,洗浄,冷却,17.7,50.6,0.15,15.7,55.5
2025/4/7 9:46,KMC2025040701A200,洗浄,冷却,16,49,0.15,14,54.6
2025/4/7 9:47,KMC2025040701A200,洗浄,冷却,16.8,47.4,0.15,14.8,55.6
2025/4/7 9:48,KMC2025040701A200,洗浄,冷却,15.9,46,0.15,13.9,54.3
2025/4/7 9:49,KMC2025040701A200,洗浄,冷却,18.2,44.8,0.15,16.2,54.9
2025/4/7 9:50,KMC2025040701A200,洗浄,冷却,18.3,43.8,0.15,16.3,54.3
2025/4/7 9:51,KMC2025040701A200,洗浄,冷却,16.7,42.7,0.15,14.7,54.2
2025/4/7 9:52,KMC2025040701A200,洗浄,冷却,18.1,41.4,0.15,16.1,54.1
2025/4/7 9:53,KMC2025040701A200,洗浄,冷却,15.7,40.5,0.15,13.7,54.2
2025/4/7 9:54,KMC2025040701A200,洗浄,冷却,17.7,39.5,0.15,15.7,55.6
2025/4/7 9:55,KMC2025040701A200,洗浄,冷却,15.7,38.9,0.15,13.7,55.2
2025/4/7 9:56,KMC2025040701A200,洗浄,冷却,17.3,37.9,0.15,15.3,55.3
2025/4/7 9:57,KMC2025040701A200,洗浄,冷却,16.9,37,0.15,14.9,55
2025/4/7 9:58,KMC2025040701A200,洗浄,冷却,16.1,36.3,0.15,14.1,54.4
2025/4/7 9:59,KMC2025040701A200,洗浄,冷却,15.6,35.8,0.15,13.6,54.6
2025/4/7 10:00,KMC2025040701A200,洗浄,冷却,18.5,35.3,0.15,16.5,55.5
2025/4/7 10:01,KMC2025040701A200,洗浄,冷却,16.6,34.7,0.15,14.6,54.1
2025/4/7 10:02,KMC2025040701A200,洗浄,冷却,17.5,34,0.15,15.5,55.4
2025/5/7 6:00,KMC2025050701A200,材料仕込み,仕込み開始,20.4,33.3,0,20,60.3
2025/5/7 6:01,KMC2025050701A200,材料仕込み,水投入,20.1,32.8,0.002,20.2,59.1
2025/5/7 6:02,KMC2025050701A200,材料仕込み,水投入,20.3,19.2,0,20.1,59
2025/5/7 6:03,KMC2025050701A200,材料仕込み,冷凍肉投入,20.8,16.2,0,20.5,60.4
2025/5/7 6:04,KMC2025050701A200,材料仕込み,冷凍肉投入,20.5,15.9,0,20.4,60.7
2025/5/7 6:05,KMC2025050701A200,材料仕込み,冷凍肉投入,20.6,15.9,0,20.3,59.6
2025/5/7 6:06,KMC2025050701A200,材料仕込み,冷凍野菜投入,19.7,15.9,0,19.6,60.6
2025/5/7 6:07,KMC2025050701A200,材料仕込み,冷凍野菜投入,19.4,15.9,0,19.6,59.3
2025/5/7 6:08,KMC2025050701A200,材料仕込み,冷凍野菜投入,19.4,15.9,0,19.8,60.9
2025/5/7 6:09,KMC2025050701A200,材料仕込み,香辛料投入,19.1,15.9,0,18.9,59.4
2025/5/7 6:10,KMC2025050701A200,材料仕込み,香辛料投入,19.5,15.9,0,19.5,59.6
2025/5/7 6:11,KMC2025050701A200,材料仕込み,小麦粉投入,20.5,15.9,0,20.8,60.6
2025/5/7 6:12,KMC2025050701A200,材料仕込み,小麦粉投入,20.9,16,0,20.5,60.4
2025/5/7 6:13,KMC2025050701A200,材料仕込み,調味料投入,18.9,15.9,0,19.1,59.9
2025/5/7 6:14,KMC2025050701A200,材料仕込み,調味料投入,19.5,15.9,0,19.5,60.1
2025/5/7 6:15,KMC2025050701A200,材料仕込み,撹拌,21.1,15.9,0,20.9,60.9
2025/5/7 6:16,KMC2025050701A200,材料仕込み,撹拌,18.7,15.9,0,18.8,60.5
2025/5/7 6:17,KMC2025050701A200,材料仕込み,撹拌,19.2,15.9,0,19.4,60.8
2025/5/7 6:18,KMC2025050701A200,材料仕込み,撹拌,20,15.9,0,20.1,60
2025/5/7 6:19,KMC2025050701A200,材料仕込み,撹拌,20.1,15.9,0,20.4,60.2
2025/5/7 6:20,KMC2025050701A200,昇温,,27,16.3,0,20,59.7
2025/5/7 6:21,KMC2025050701A200,昇温,,28.9,16.4,0.073,20.2,59.3
2025/5/7 6:22,KMC2025050701A200,昇温,,30.9,16.5,0.132,20.3,59.5
2025/5/7 6:23,KMC2025050701A200,昇温,,32.7,18.9,0.18,20.2,60.6
2025/5/7 6:24,KMC2025050701A200,昇温,,51.1,21.3,0.22,20.1,60.4
2025/5/7 6:25,KMC2025050701A200,昇温,,65.8,23.6,0.253,20.3,60.3
2025/5/7 6:26,KMC2025050701A200,昇温,,77.6,26.2,0.28,20.2,60.1
2025/5/7 6:27,KMC2025050701A200,昇温,,87,28.4,0.301,19.9,60.3
2025/5/7 6:28,KMC2025050701A200,昇温,,94.6,30.7,0.319,20.2,60.6
2025/5/7 6:29,KMC2025050701A200,昇温,,100.5,32.9,0.334,19.1,60.3
2025/5/7 6:30,KMC2025050701A200,昇温,,105.4,35.3,0.346,19.7,59.7
2025/5/7 6:31,KMC2025050701A200,昇温,,109.2,37.5,0.356,19.3,60.9
2025/5/7 6:32,KMC2025050701A200,昇温,,112.3,39.6,0.364,19.5,60.5
2025/5/7 6:33,KMC2025050701A200,昇温,,114.7,42.1,0.37,19.3,59.4
2025/5/7 6:34,KMC2025050701A200,昇温,,116.7,44.6,0.376,20.8,59.2
2025/5/7 6:35,KMC2025050701A200,昇温,,118.3,47.1,0.38,19.3,60
2025/5/7 6:36,KMC2025050701A200,昇温,,119.6,49.6,0.38,20.1,60.5
2025/5/7 6:37,KMC2025050701A200,昇温,,120.6,52.2,0.38,21.2,60.3
2025/5/7 6:38,KMC2025050701A200,昇温,,121.5,54.5,0.38,20.3,60
2025/5/7 6:39,KMC2025050701A200,昇温,,122.1,56.9,0.38,20.3,60.8
2025/5/7 6:40,KMC2025050701A200,昇温,,122.6,59,0.38,20.1,59.9
2025/5/7 6:41,KMC2025050701A200,昇温,,123,61.3,0.38,20.2,59.4
2025/5/7 6:42,KMC2025050701A200,昇温,,123.4,63.8,0.38,20.2,60.4
2025/5/7 6:43,KMC2025050701A200,昇温,,123.6,65.7,0.38,20,59.4
2025/5/7 6:44,KMC2025050701A200,昇温,,123.8,68.3,0.38,19.9,59.7
2025/5/7 6:45,KMC2025050701A200,昇温,,124,70.4,0.38,20.4,59.7
2025/5/7 6:46,KMC2025050701A200,昇温,,124.2,72.8,0.38,20,60.6
2025/5/7 6:47,KMC2025050701A200,昇温,,124.3,75.3,0.38,20.5,60.7
2025/5/7 6:48,KMC2025050701A200,昇温,,124.3,77.7,0.38,18.4,60.3
2025/5/7 6:49,KMC2025050701A200,昇温,,124.4,80.5,0.38,20.3,59.5
2025/5/7 6:50,KMC2025050701A200,煮込み,工程切替,124.3,82.9,0.188,20,60.7
2025/5/7 6:51,KMC2025050701A200,煮込み,工程切替,124.3,85.3,-0.001,19.2,60.4
2025/5/7 6:52,KMC2025050701A200,煮込み,放熱OFF,81.4,85.2,-0.004,20,60.6
2025/5/7 6:53,KMC2025050701A200,煮込み,放熱OFF,81.6,85.3,-0.002,20.2,60.4
2025/5/7 6:54,KMC2025050701A200,煮込み,放熱OFF,82.9,85,-0.004,20.3,60.2
2025/5/7 6:55,KMC2025050701A200,煮込み,放熱OFF,81.4,84.9,-0.001,20.3,60.4
2025/5/7 6:56,KMC2025050701A200,煮込み,放熱OFF,83.2,85,0.008,20.4,59
2025/5/7 6:57,KMC2025050701A200,煮込み,放熱OFF,83.1,84.9,0.011,20.3,59
2025/5/7 6:58,KMC2025050701A200,煮込み,放熱OFF,83.1,85,-0.003,20.2,60.2
2025/5/7 6:59,KMC2025050701A200,煮込み,放熱OFF,82.4,85.1,-0.007,20,60.4
2025/5/7 7:00,KMC2025050701A200,煮込み,放熱OFF,81.1,85,-0.005,19.8,59.1
2025/5/7 7:01,KMC2025050701A200,煮込み,加熱ON,92.9,85,0.081,20,59.8
2025/5/7 7:02,KMC2025050701A200,煮込み,放熱OFF,82.5,84.7,0.058,19.5,60.1
2025/5/7 7:03,KMC2025050701A200,煮込み,加熱ON,93.6,84.9,0.132,19.5,59.5
2025/5/7 7:04,KMC2025050701A200,煮込み,放熱OFF,82.1,84.5,0.085,19.8,59.5
2025/5/7 7:05,KMC2025050701A200,煮込み,加熱ON,94.1,84.7,0.15,19.8,60.6
2025/5/7 7:06,KMC2025050701A200,煮込み,放熱OFF,82.8,84.5,0.088,19.9,60.4
2025/5/7 7:07,KMC2025050701A200,煮込み,加熱ON,93.5,84.8,0.156,20.3,60.5
2025/5/7 7:08,KMC2025050701A200,煮込み,放熱OFF,83.2,84.7,0.096,20.4,60.8
2025/5/7 7:09,KMC2025050701A200,煮込み,放熱OFF,83.4,85.2,0.051,20.3,59.2
2025/5/7 7:10,KMC2025050701A200,煮込み,放熱OFF,83.2,85.2,0.04,19.9,60.2
2025/5/7 7:11,KMC2025050701A200,煮込み,放熱OFF,83.3,85.2,0.033,20.1,59.8
2025/5/7 7:12,KMC2025050701A200,煮込み,放熱OFF,82.8,85.3,0.026,20.3,59.9
2025/5/7 7:13,KMC2025050701A200,煮込み,放熱OFF,82.8,85.4,0.007,19.2,60.8
2025/5/7 7:14,KMC2025050701A200,煮込み,放熱OFF,81.6,85.2,0.014,19.1,60.1
2025/5/7 7:15,KMC2025050701A200,煮込み,放熱OFF,81.3,85,0.017,19.3,59.4
2025/5/7 7:16,KMC2025050701A200,煮込み,加熱ON,93.9,84.7,0.096,19.8,60
2025/5/7 7:17,KMC2025050701A200,煮込み,加熱ON,93.5,84.5,0.149,20.6,59.4
2025/5/7 7:18,KMC2025050701A200,煮込み,放熱OFF,82.5,84.6,0.097,20.6,60.9
2025/5/7 7:19,KMC2025050701A200,煮込み,放熱OFF,80.9,84.9,0.053,20.2,59.7
2025/5/7 7:20,KMC2025050701A200,煮込み,放熱OFF,81.6,84.7,0.038,20.9,59
2025/5/7 7:21,KMC2025050701A200,煮込み,放熱OFF,82.1,84.8,0.028,21,59.6
2025/5/7 7:22,KMC2025050701A200,煮込み,放熱OFF,81.4,84.9,0.025,19.3,60.7
2025/5/7 7:23,KMC2025050701A200,煮込み,放熱OFF,82.9,85.1,0.02,19.7,60.5
2025/5/7 7:24,KMC2025050701A200,煮込み,放熱OFF,82.7,85.2,0.004,20.2,60.8
2025/5/7 7:25,KMC2025050701A200,煮込み,放熱OFF,82.5,85.1,-0.007,19.4,60.1
2025/5/7 7:26,KMC2025050701A200,煮込み,放熱OFF,81.7,85.1,-0.012,20.6,60.1
2025/5/7 7:27,KMC2025050701A200,煮込み,放熱OFF,81.4,84.9,0,20.1,60.6
2025/5/7 7:28,KMC2025050701A200,煮込み,加熱ON,93.8,84.8,0.081,19.2,59
2025/5/7 7:29,KMC2025050701A200,煮込み,加熱ON,93.2,84.5,0.15,20.4,60.3
2025/5/7 7:30,KMC2025050701A200,煮込み,放熱OFF,81.6,84.6,0.091,20.1,61
2025/5/7 7:31,KMC2025050701A200,煮込み,加熱ON,93.5,84.7,0.144,18.9,60.5
2025/5/7 7:32,KMC2025050701A200,煮込み,放熱OFF,81.6,84.6,0.079,20.3,59.8
2025/5/7 7:33,KMC2025050701A200,煮込み,放熱OFF,82.4,84.9,0.041,21.5,60.5
2025/5/7 7:34,KMC2025050701A200,煮込み,放熱OFF,81.6,84.9,0.02,20,59.9
2025/5/7 7:35,KMC2025050701A200,煮込み,放熱OFF,81.6,85,0.011,19.3,60.9
2025/5/7 7:36,KMC2025050701A200,煮込み,放熱OFF,82.4,85.1,-0.001,19.8,60.5
2025/5/7 7:37,KMC2025050701A200,煮込み,放熱OFF,81.7,85,0.009,19,60.4
2025/5/7 7:38,KMC2025050701A200,煮込み,放熱OFF,82.7,85.1,0.005,18.4,60.6
2025/5/7 7:39,KMC2025050701A200,煮込み,放熱OFF,81.4,84.9,0.002,20.1,59.4
2025/5/7 7:40,KMC2025050701A200,煮込み,加熱ON,94.1,84.8,0.073,20.7,60.3
2025/5/7 7:41,KMC2025050701A200,煮込み,放熱OFF,81.6,84.4,0.05,20,60
2025/5/7 7:42,KMC2025050701A200,煮込み,加熱ON,94,84.7,0.125,18.3,59.3
2025/5/7 7:43,KMC2025050701A200,煮込み,加熱ON,93.3,84.4,0.19,18.7,60.4
2025/5/7 7:44,KMC2025050701A200,煮込み,放熱OFF,82.9,84.6,0.11,19.9,59.5
2025/5/7 7:45,KMC2025050701A200,煮込み,放熱OFF,82.1,85,0.057,20.8,60.6
2025/5/7 7:46,KMC2025050701A200,煮込み,放熱OFF,81.6,84.8,0.041,20.7,59.2
2025/5/7 7:47,KMC2025050701A200,煮込み,放熱OFF,81.3,84.7,0.02,19.3,60.2
2025/5/7 7:48,KMC2025050701A200,煮込み,放熱OFF,82.9,84.8,0.019,20.5,60
2025/5/7 7:49,KMC2025050701A200,煮込み,放熱OFF,82,85,0.02,18.5,60.1
2025/5/7 7:50,KMC2025050701A200,煮込み,放熱OFF,81.5,85.1,0.022,18.3,59.9
2025/5/7 7:51,KMC2025050701A200,煮込み,放熱OFF,82.5,85.1,0.012,20.6,60.6
2025/5/7 7:52,KMC2025050701A200,冷却,,25.8,85.1,0.044,20,59.5
2025/5/7 7:53,KMC2025050701A200,冷却,,25.8,85.1,0.069,20.2,59.1
2025/5/7 7:54,KMC2025050701A200,冷却,,25.8,82.5,0.076,20.3,60.9
2025/5/7 7:55,KMC2025050701A200,冷却,,25.8,79.9,0.093,20.3,60.2
2025/5/7 7:56,KMC2025050701A200,冷却,,25.8,77.6,0.114,20.5,60.8
2025/5/7 7:57,KMC2025050701A200,冷却,,25.8,75.3,0.119,20,60.7
2025/5/7 7:58,KMC2025050701A200,冷却,,25.8,73.2,0.135,19.9,59.1
2025/5/7 7:59,KMC2025050701A200,冷却,,25.8,71.2,0.149,20.1,59.3
2025/5/7 8:00,KMC2025050701A200,冷却,,25.8,69.2,0.153,19.6,59.5
2025/5/7 8:01,KMC2025050701A200,冷却,,25.8,67.3,0.153,20,59.6
2025/5/7 8:02,KMC2025050701A200,冷却,,25.8,65.6,0.149,19.7,59.5
2025/5/7 8:03,KMC2025050701A200,冷却,,25.8,63.7,0.152,19.8,60.6
2025/5/7 8:04,KMC2025050701A200,冷却,,25.8,62.1,0.155,19.4,60.3
2025/5/7 8:05,KMC2025050701A200,冷却,,25.8,60.5,0.153,19.6,60.6
2025/5/7 8:06,KMC2025050701A200,冷却,,25.8,58.9,0.163,20.7,61
2025/5/7 8:07,KMC2025050701A200,冷却,,25.8,57.6,0.165,19.8,59.9
2025/5/7 8:08,KMC2025050701A200,冷却,,25.8,56.3,0.168,20.8,59.7
2025/5/7 8:09,KMC2025050701A200,冷却,,25.8,54.8,0.161,20.3,59.4
2025/5/7 8:10,KMC2025050701A200,冷却,,25.8,53.6,0.166,19.7,59.3
2025/5/7 8:11,KMC2025050701A200,冷却,,25.8,52.4,0.175,20.4,59.5
2025/5/7 8:12,KMC2025050701A200,冷却,,25.8,51.3,0.181,19.3,60.8
2025/5/7 8:13,KMC2025050701A200,冷却,,25.8,50.2,0.178,20.4,60.8
2025/5/7 8:14,KMC2025050701A200,冷却,,25.8,49.2,0.185,19.7,60.5
2025/5/7 8:15,KMC2025050701A200,冷却,,25.8,48.1,0.193,19.6,60.1
2025/5/7 8:16,KMC2025050701A200,冷却,,25.8,47.2,0.193,20.1,59.3
2025/5/7 8:17,KMC2025050701A200,冷却,,25.8,46.4,0.2,18.9,60.6
2025/5/7 8:18,KMC2025050701A200,冷却,,25.8,45.6,0.189,19.3,60.9
2025/5/7 8:19,KMC2025050701A200,冷却,,25.8,44.8,0.189,21.3,61
2025/5/7 8:20,KMC2025050701A200,冷却,,25.8,44,0.189,21.5,60.9
2025/5/7 8:21,KMC2025050701A200,冷却,,25.8,43.2,0.195,21.5,59.1
2025/5/7 8:22,KMC2025050701A200,冷却,,25.8,42.6,0.201,21.5,60.5
2025/5/7 8:23,KMC2025050701A200,冷却,,25.8,41.8,0.197,19,61
2025/5/7 8:24,KMC2025050701A200,冷却,,25.8,41.1,0.2,19.7,60.6
2025/5/7 8:25,KMC2025050701A200,冷却,,25.8,40.4,0.195,20.9,60.7
2025/5/7 8:26,KMC2025050701A200,冷却,,25.8,40,0.184,19.7,60.2
2025/5/7 8:27,KMC2025050701A200,冷却,,25.8,39.5,0.174,18.1,60.5
2025/5/7 8:28,KMC2025050701A200,冷却,,25.8,38.8,0.184,19.1,59.9
2025/5/7 8:29,KMC2025050701A200,冷却,,25.8,38.3,0.175,19.1,60.8
2025/5/7 8:30,KMC2025050701A200,冷却,,25.8,37.8,0.183,19.7,60.8
2025/5/7 8:31,KMC2025050701A200,冷却,,25.8,37.2,0.184,18.2,60.6
2025/5/7 8:32,KMC2025050701A200,充填移送,攪拌待機中,25.8,36.8,0,20,60.6
2025/5/7 8:33,KMC2025050701A200,充填移送,攪拌待機中,25.9,36.4,0,20.2,59.7
2025/5/7 8:34,KMC2025050701A200,充填移送,攪拌待機中,25.8,36.3,0,20.2,60
2025/5/7 8:35,KMC2025050701A200,充填移送,攪拌待機中,25.8,36.3,0,20.1,59.6
2025/5/7 8:36,KMC2025050701A200,充填移送,攪拌待機中,25.9,36.2,0,20.3,59.5
2025/5/7 8:37,KMC2025050701A200,充填移送,攪拌待機中,25.9,36.3,0,20.2,59.1
2025/5/7 8:38,KMC2025050701A200,充填移送,攪拌待機中,25.8,36.2,0,20.1,60.6
2025/5/7 8:39,KMC2025050701A200,充填移送,攪拌待機中,25.7,36.1,0,19.5,59.2
2025/5/7 8:40,KMC2025050701A200,充填移送,攪拌待機中,25.8,35.9,0,20.3,59.5
2025/5/7 8:41,KMC2025050701A200,充填移送,攪拌待機中,25.7,36,0,19.8,59.4
2025/5/7 8:42,KMC2025050701A200,充填移送,攪拌待機中,25.7,35.8,0,19.3,59.4
2025/5/7 8:43,KMC2025050701A200,充填移送,攪拌待機中,25.8,35.9,0,20,60.4
2025/5/7 8:44,KMC2025050701A200,充填移送,攪拌待機中,25.7,35.8,0,19.6,60.2
2025/5/7 8:45,KMC2025050701A200,充填移送,攪拌待機中,25.5,35.7,0,19.4,59.9
2025/5/7 8:46,KMC2025050701A200,充填移送,攪拌待機中,25.6,35.8,0,21,60.7
2025/5/7 8:47,KMC2025050701A200,充填移送,攪拌待機中,25.8,35.7,0,19.3,59.7
2025/5/7 8:48,KMC2025050701A200,充填移送,攪拌待機中,25.8,35.7,0,19.4,60
2025/5/7 8:49,KMC2025050701A200,充填移送,攪拌待機中,25.9,35.6,0,21.4,59.3
2025/5/7 8:50,KMC2025050701A200,充填移送,攪拌待機中,26,35.5,0,20.9,60.3
2025/5/7 8:51,KMC2025050701A200,充填移送,攪拌待機中,26.2,35.5,0,20.4,59.2
2025/5/7 8:52,KMC2025050701A200,充填移送,攪拌待機中,26.2,35.3,0,20.4,60.2
2025/5/7 8:53,KMC2025050701A200,充填移送,攪拌待機中,26.4,35.3,0,19.4,60.2
2025/5/7 8:54,KMC2025050701A200,充填移送,攪拌待機中,26.5,35.4,0,20,60.2
2025/5/7 8:55,KMC2025050701A200,充填移送,攪拌待機中,26.5,35.4,0,19.2,59.2
2025/5/7 8:56,KMC2025050701A200,充填移送,攪拌待機中,26.5,35.5,0,20.1,59.6
2025/5/7 8:57,KMC2025050701A200,充填移送,攪拌待機中,26.4,35.4,0,20.7,59.7
2025/5/7 8:58,KMC2025050701A200,充填移送,攪拌待機中,26.4,35.2,0,20.3,60.8
2025/5/7 8:59,KMC2025050701A200,充填移送,攪拌待機中,26.3,35.2,0,19.6,60.9
2025/5/7 9:00,KMC2025050701A200,充填移送,攪拌待機中,26.1,35.3,0,19.4,59.1
2025/5/7 9:01,KMC2025050701A200,充填移送,攪拌待機中,26.3,35.2,0,19.1,59.7
2025/5/7 9:02,KMC2025050701A200,洗浄,荒洗い,25.5,35.1,0,20,59.6
2025/5/7 9:03,KMC2025050701A200,洗浄,荒洗い,25.4,35.2,0,20.1,60.9
2025/5/7 9:04,KMC2025050701A200,洗浄,荒洗い,24.8,17.5,0,20.3,59.5
2025/5/7 9:05,KMC2025050701A200,洗浄,荒洗い,25.1,17.4,0,20.3,60
2025/5/7 9:06,KMC2025050701A200,洗浄,荒洗い,25.5,16.6,0,20.4,59.9
2025/5/7 9:07,KMC2025050701A200,洗浄,昇温,49.2,17.6,0,20.1,59.2
2025/5/7 9:08,KMC2025050701A200,洗浄,昇温,66.9,17.4,0.088,20.1,60.5
2025/5/7 9:09,KMC2025050701A200,洗浄,昇温,80.3,20.8,0.157,19.8,60.2
2025/5/7 9:10,KMC2025050701A200,洗浄,昇温,90.3,25.2,0.211,20,59.2
2025/5/7 9:11,KMC2025050701A200,洗浄,昇温,97.9,30.9,0.253,19.5,60.7
2025/5/7 9:12,KMC2025050701A200,洗浄,昇温,103.5,36.9,0.285,19.7,59
2025/5/7 9:13,KMC2025050701A200,洗浄,昇温,107.6,43.1,0.311,19.9,60.8
2025/5/7 9:14,KMC2025050701A200,洗浄,昇温,110.7,49.1,0.33,19.8,60.5
2025/5/7 9:15,KMC2025050701A200,洗浄,昇温,112.9,55.1,0.346,19.6,60.3
2025/5/7 9:16,KMC2025050701A200,洗浄,昇温,114.6,60.8,0.358,20.2,60.4
2025/5/7 9:17,KMC2025050701A200,洗浄,高温保持,100,66.1,0.3,20.4,60.6
2025/5/7 9:18,KMC2025050701A200,洗浄,高温保持,100.2,71,0.3,20.8,60.6
2025/5/7 9:19,KMC2025050701A200,洗浄,高温保持,100.3,95.2,0.3,20.2,60
2025/5/7 9:20,KMC2025050701A200,洗浄,高温保持,100.4,95.2,0.3,20.5,59.5
2025/5/7 9:21,KMC2025050701A200,洗浄,高温保持,100.4,95.1,0.3,19.6,59.9
2025/5/7 9:22,KMC2025050701A200,洗浄,高温保持,100.3,95.4,0.3,19.5,60.1
2025/5/7 9:23,KMC2025050701A200,洗浄,高温保持,100.1,95.5,0.3,19.4,60.6
2025/5/7 9:24,KMC2025050701A200,洗浄,高温保持,99.9,95.7,0.3,19.5,59.1
2025/5/7 9:25,KMC2025050701A200,洗浄,高温保持,99.7,95.6,0.3,20.5,60.6
2025/5/7 9:26,KMC2025050701A200,洗浄,高温保持,99.6,95.5,0.3,19.6,60.4
2025/5/7 9:27,KMC2025050701A200,洗浄,冷却,22.7,95.6,0.15,20.7,60
2025/5/7 9:28,KMC2025050701A200,洗浄,冷却,21.7,95.7,0.15,19.7,59.1
2025/5/7 9:29,KMC2025050701A200,洗浄,冷却,22.2,91.5,0.15,20.2,60.1
2025/5/7 9:30,KMC2025050701A200,洗浄,冷却,23,87.6,0.15,21,60.5
2025/5/7 9:31,KMC2025050701A200,洗浄,冷却,21.6,83.9,0.15,19.6,60.9
2025/5/7 9:32,KMC2025050701A200,洗浄,冷却,22.4,80.6,0.15,20.4,59.8
2025/5/7 9:33,KMC2025050701A200,洗浄,冷却,21.9,77.2,0.15,19.9,59.6
2025/5/7 9:34,KMC2025050701A200,洗浄,冷却,23,74.1,0.15,21,59.6
2025/5/7 9:35,KMC2025050701A200,洗浄,冷却,22.5,71.3,0.15,20.5,60.9
2025/5/7 9:36,KMC2025050701A200,洗浄,冷却,21.8,68.6,0.15,19.8,59.5
2025/5/7 9:37,KMC2025050701A200,洗浄,冷却,22.5,66.1,0.15,20.5,60.1
2025/5/7 9:38,KMC2025050701A200,洗浄,冷却,21.3,63.7,0.15,19.3,60.2
2025/5/7 9:39,KMC2025050701A200,洗浄,冷却,21.4,61.4,0.15,19.4,60.9
2025/5/7 9:40,KMC2025050701A200,洗浄,冷却,22.5,59.3,0.15,20.5,61
2025/5/7 9:41,KMC2025050701A200,洗浄,冷却,23,57.1,0.15,21,60.7
2025/5/7 9:42,KMC2025050701A200,洗浄,冷却,23,55.2,0.15,21,60.5
2025/5/7 9:43,KMC2025050701A200,洗浄,冷却,22.9,53.3,0.15,20.9,59.2
2025/5/7 9:44,KMC2025050701A200,洗浄,冷却,21.6,51.5,0.15,19.6,60.7
2025/5/7 9:45,KMC2025050701A200,洗浄,冷却,23.2,49.8,0.15,21.2,60.3
2025/5/7 9:46,KMC2025050701A200,洗浄,冷却,21.5,48.2,0.15,19.5,61
2025/5/7 9:47,KMC2025050701A200,洗浄,冷却,21.3,46.7,0.15,19.3,59.6
2025/5/7 9:48,KMC2025050701A200,洗浄,冷却,21.5,45.4,0.15,19.5,60.5
2025/5/7 9:49,KMC2025050701A200,洗浄,冷却,22.7,44.3,0.15,20.7,60.3
2025/5/7 9:50,KMC2025050701A200,洗浄,冷却,21,43.1,0.15,19,59.8
2025/5/7 9:51,KMC2025050701A200,洗浄,冷却,21,42,0.15,19,60.9
2025/5/7 9:52,KMC2025050701A200,洗浄,冷却,23.2,41.2,0.15,21.2,60.2
2025/5/7 9:53,KMC2025050701A200,洗浄,冷却,21.9,40.3,0.15,19.9,60.7
2025/5/7 9:54,KMC2025050701A200,洗浄,冷却,23.1,39.4,0.15,21.1,59.7
2025/5/7 9:55,KMC2025050701A200,洗浄,冷却,21.7,38.5,0.15,19.7,60.1
2025/5/7 9:56,KMC2025050701A200,洗浄,冷却,23.1,37.8,0.15,21.1,60.3
2025/5/7 9:57,KMC2025050701A200,洗浄,冷却,23.2,37,0.15,21.2,60.5
2025/5/7 9:58,KMC2025050701A200,洗浄,冷却,21.9,36.2,0.15,19.9,59.2
2025/5/7 9:59,KMC2025050701A200,洗浄,冷却,20.5,35.7,0.15,18.5,60.2
2025/5/7 10:00,KMC2025050701A200,洗浄,冷却,21,35.3,0.15,19,60.5
2025/5/7 10:01,KMC2025050701A200,洗浄,冷却,20.4,34.5,0.15,18.4,59.5
2025/6/2 6:00,KMC2025060201A200,材料仕込み,仕込み開始,24.8,33.8,-0.003,25,64.2
2025/6/2 6:01,KMC2025060201A200,材料仕込み,水投入,25.5,33.2,0.008,25.2,64.7
2025/6/2 6:02,KMC2025060201A200,材料仕込み,水投入,25.1,24.2,0,25.2,65.4
2025/6/2 6:03,KMC2025060201A200,材料仕込み,冷凍肉投入,25.7,19.3,0,25.4,65.2
2025/6/2 6:04,KMC2025060201A200,材料仕込み,冷凍肉投入,25.8,19.3,0,25.4,65.7
2025/6/2 6:05,KMC2025060201A200,材料仕込み,冷凍肉投入,25.4,19.1,0,25,64
2025/6/2 6:06,KMC2025060201A200,材料仕込み,冷凍野菜投入,24.5,19.1,0,24.4,65.1
2025/6/2 6:07,KMC2025060201A200,材料仕込み,冷凍野菜投入,24.7,19.1,0,24.5,64.8
2025/6/2 6:08,KMC2025060201A200,材料仕込み,冷凍野菜投入,25.8,19.1,0,25.5,64.4
2025/6/2 6:09,KMC2025060201A200,材料仕込み,香辛料投入,25.4,19.1,0,25.2,64.2
2025/6/2 6:10,KMC2025060201A200,材料仕込み,香辛料投入,25.1,19.1,0,25.6,65.8
2025/6/2 6:11,KMC2025060201A200,材料仕込み,小麦粉投入,25,19.1,0,25.5,65.2
2025/6/2 6:12,KMC2025060201A200,材料仕込み,小麦粉投入,24.8,19.1,0,25.3,65.9
2025/6/2 6:13,KMC2025060201A200,材料仕込み,調味料投入,24.1,19.1,0,23.9,65.2
2025/6/2 6:14,KMC2025060201A200,材料仕込み,調味料投入,25.8,19.1,0,25.9,64.4
2025/6/2 6:15,KMC2025060201A200,材料仕込み,撹拌,25.4,19.3,0,25.7,64.2
2025/6/2 6:16,KMC2025060201A200,材料仕込み,撹拌,25.7,19.3,0,26.2,65.6
2025/6/2 6:17,KMC2025060201A200,材料仕込み,撹拌,24.9,19.4,0,24.7,65.4
2025/6/2 6:18,KMC2025060201A200,材料仕込み,撹拌,26.4,19.6,0,26.1,64.3
2025/6/2 6:19,KMC2025060201A200,材料仕込み,撹拌,24.6,20.1,0,24.9,64.6
2025/6/2 6:22,KMC2025060201A200,昇温,,31.9,20,0,25,64.8
2025/6/2 6:23,KMC2025060201A200,昇温,,33.8,19.9,0.073,25.2,65.7
2025/6/2 6:24,KMC2025060201A200,昇温,,35.6,19.9,0.132,25.3,65.3
2025/6/2 6:25,KMC2025060201A200,昇温,,37.4,22.3,0.18,25.1,65
2025/6/2 6:26,KMC2025060201A200,昇温,,55.1,24.5,0.22,25,65.6
2025/6/2 6:27,KMC2025060201A200,昇温,,69.3,26.7,0.253,25.1,65.3
2025/6/2 6:28,KMC2025060201A200,昇温,,80.6,29,0.28,24.3,65.4
2025/6/2 6:29,KMC2025060201A200,昇温,,89.6,30.9,0.301,24.7,65.7
2025/6/2 6:30,KMC2025060201A200,昇温,,96.8,33.1,0.319,24.5,65.9
2025/6/2 6:31,KMC2025060201A200,昇温,,102.6,35.4,0.334,25.1,64.4
2025/6/2 6:32,KMC2025060201A200,昇温,,107.3,38,0.346,25.5,65.1
2025/6/2 6:33,KMC2025060201A200,昇温,,111,40.1,0.356,24.7,65.9
2025/6/2 6:34,KMC2025060201A200,昇温,,113.9,42.7,0.364,24.6,64.4
2025/6/2 6:35,KMC2025060201A200,昇温,,116.3,44.6,0.37,24.1,64.6
2025/6/2 6:36,KMC2025060201A200,昇温,,118.2,46.8,0.376,24.7,65.6
2025/6/2 6:37,KMC2025060201A200,昇温,,119.7,48.8,0.38,24.5,64.7
2025/6/2 6:38,KMC2025060201A200,昇温,,120.9,51.1,0.38,24.2,65.9
2025/6/2 6:39,KMC2025060201A200,昇温,,121.9,53.3,0.38,25.3,65.1
2025/6/2 6:40,KMC2025060201A200,昇温,,122.7,55.8,0.38,26.2,65
2025/6/2 6:41,KMC2025060201A200,昇温,,123.3,58.3,0.38,24.1,64.9
2025/6/2 6:42,KMC2025060201A200,昇温,,123.8,60.4,0.38,23.9,65.1
2025/6/2 6:43,KMC2025060201A200,昇温,,124.2,62.7,0.38,25.4,64.1
2025/6/2 6:44,KMC2025060201A200,昇温,,124.6,64.7,0.38,25.7,64.3
2025/6/2 6:45,KMC2025060201A200,昇温,,124.9,66.7,0.38,26.1,65.5
2025/6/2 6:46,KMC2025060201A200,昇温,,125.1,69.1,0.38,25.1,65
2025/6/2 6:47,KMC2025060201A200,昇温,,125.3,71.4,0.38,26.6,65.5
2025/6/2 6:48,KMC2025060201A200,昇温,,125.4,73.7,0.38,26,64.4
2025/6/2 6:49,KMC2025060201A200,昇温,,125.5,76.2,0.38,24.3,64.8
2025/6/2 6:50,KMC2025060201A200,昇温,,125.5,78.6,0.38,23.4,64.3
2025/6/2 6:51,KMC2025060201A200,昇温,,125.5,80.6,0.38,24.6,65.5
2025/6/2 6:52,KMC2025060201A200,煮込み,工程切替,125.6,82.9,0.184,25,65.6
2025/6/2 6:53,KMC2025060201A200,煮込み,工程切替,125.4,84.8,-0.004,25.1,64.2
2025/6/2 6:54,KMC2025060201A200,煮込み,放熱OFF,81.7,84.9,-0.012,25,64.4
2025/6/2 6:55,KMC2025060201A200,煮込み,放熱OFF,82.7,84.8,0.002,25.2,65.2
2025/6/2 6:56,KMC2025060201A200,煮込み,放熱OFF,82.8,84.8,0.01,25.3,64.1
2025/6/2 6:57,KMC2025060201A200,煮込み,放熱OFF,82.3,84.9,0.008,25.2,65.4
2025/6/2 6:58,KMC2025060201A200,煮込み,放熱OFF,82.8,85.1,-0.001,24.9,64.3
2025/6/2 6:59,KMC2025060201A200,煮込み,放熱OFF,82.8,85.1,-0.007,24.7,65.4
2025/6/2 7:00,KMC2025060201A200,煮込み,放熱OFF,81.1,85.1,-0.011,24.6,64.3
2025/6/2 7:01,KMC2025060201A200,煮込み,加熱ON,94.3,84.7,0.066,24.9,65.1
2025/6/2 7:02,KMC2025060201A200,煮込み,加熱ON,93.3,84.4,0.123,25.3,65.9
2025/6/2 7:03,KMC2025060201A200,煮込み,放熱OFF,82.2,84.7,0.081,25.3,64.4
2025/6/2 7:04,KMC2025060201A200,煮込み,放熱OFF,82,85.1,0.053,25.3,65.3
2025/6/2 7:05,KMC2025060201A200,煮込み,放熱OFF,83.5,85.3,0.033,25,65.2
2025/6/2 7:06,KMC2025060201A200,煮込み,放熱OFF,82,85.2,0.016,25.3,65.1
2025/6/2 7:07,KMC2025060201A200,煮込み,放熱OFF,81.5,85.2,0.005,25.1,64.7
2025/6/2 7:08,KMC2025060201A200,煮込み,放熱OFF,82.2,85.2,0.009,24.9,65.6
2025/6/2 7:09,KMC2025060201A200,煮込み,放熱OFF,81.5,84.9,0.001,24.9,65.7
2025/6/2 7:10,KMC2025060201A200,煮込み,加熱ON,94,84.7,0.08,24.8,65.3
2025/6/2 7:11,KMC2025060201A200,煮込み,放熱OFF,81.4,84.5,0.049,25.1,65.9
2025/6/2 7:12,KMC2025060201A200,煮込み,放熱OFF,81.3,84.9,0.034,25.5,64.5
2025/6/2 7:13,KMC2025060201A200,煮込み,放熱OFF,82.3,84.9,0.025,25,64.4
2025/6/2 7:14,KMC2025060201A200,煮込み,放熱OFF,81.7,85,0.011,24.8,65.7
2025/6/2 7:15,KMC2025060201A200,煮込み,放熱OFF,82.4,85.1,0,24.1,65
2025/6/2 7:16,KMC2025060201A200,煮込み,加熱ON,93.5,84.9,0.074,24.5,64.8
2025/6/2 7:17,KMC2025060201A200,煮込み,放熱OFF,81.1,84.5,0.038,24.8,64.2
2025/6/2 7:18,KMC2025060201A200,煮込み,加熱ON,93.5,84.8,0.104,25.4,65.2
2025/6/2 7:19,KMC2025060201A200,煮込み,放熱OFF,83,84.6,0.056,26,65.4
2025/6/2 7:20,KMC2025060201A200,煮込み,放熱OFF,81.9,85,0.031,26.1,65.6
2025/6/2 7:21,KMC2025060201A200,煮込み,放熱OFF,82.4,85.1,0.016,25.3,64.9
2025/6/2 7:22,KMC2025060201A200,煮込み,放熱OFF,82.3,85.2,0.017,24.8,64.9
2025/6/2 7:23,KMC2025060201A200,煮込み,放熱OFF,81.6,85.2,0.003,24,65
2025/6/2 7:24,KMC2025060201A200,煮込み,加熱ON,93.2,84.9,0.091,24.6,65.6
2025/6/2 7:25,KMC2025060201A200,煮込み,放熱OFF,81.5,84.6,0.05,25.6,65.3
2025/6/2 7:26,KMC2025060201A200,煮込み,加熱ON,94,84.9,0.114,25.9,64.6
2025/6/2 7:27,KMC2025060201A200,煮込み,放熱OFF,82.3,84.5,0.066,25,65.3
2025/6/2 7:28,KMC2025060201A200,煮込み,放熱OFF,81.8,84.8,0.042,26.4,64.6
2025/6/2 7:29,KMC2025060201A200,煮込み,放熱OFF,82.4,85,0.019,25.6,64.1
2025/6/2 7:30,KMC2025060201A200,煮込み,放熱OFF,82.4,85.1,0.014,24.6,64.4
2025/6/2 7:31,KMC2025060201A200,煮込み,放熱OFF,81,85.2,0.001,24.6,64.8
2025/6/2 7:32,KMC2025060201A200,煮込み,放熱OFF,82.2,85,-0.005,23.5,64.8
2025/6/2 7:33,KMC2025060201A200,煮込み,加熱ON,93.8,84.8,0.067,24.4,65.1
2025/6/2 7:34,KMC2025060201A200,煮込み,放熱OFF,81.1,84.5,0.038,23.9,65.4
2025/6/2 7:35,KMC2025060201A200,煮込み,加熱ON,94.5,84.7,0.115,23.9,65.9
2025/6/2 7:36,KMC2025060201A200,煮込み,放熱OFF,83.2,84.4,0.065,25.6,64
2025/6/2 7:37,KMC2025060201A200,煮込み,放熱OFF,81.5,85,0.047,25.1,65.6
2025/6/2 7:38,KMC2025060201A200,煮込み,放熱OFF,81.6,85.1,0.02,25.4,64.4
2025/6/2 7:39,KMC2025060201A200,煮込み,放熱OFF,81.5,85.1,0.006,25.6,64.9
2025/6/2 7:40,KMC2025060201A200,煮込み,放熱OFF,81.2,84.9,0.011,24.2,65.8
2025/6/2 7:41,KMC2025060201A200,煮込み,加熱ON,94.5,84.7,0.093,25.5,64.9
2025/6/2 7:42,KMC2025060201A200,煮込み,加熱ON,93.5,84.3,0.163,24.5,64.2
2025/6/2 7:43,KMC2025060201A200,煮込み,放熱OFF,81.5,84.6,0.092,26.3,64.8
2025/6/2 7:44,KMC2025060201A200,煮込み,放熱OFF,81.2,84.9,0.058,26.9,64.8
2025/6/2 7:45,KMC2025060201A200,煮込み,放熱OFF,82.8,84.8,0.025,25.9,64.8
2025/6/2 7:46,KMC2025060201A200,煮込み,放熱OFF,82.5,84.8,0.014,26.3,65.7
2025/6/2 7:47,KMC2025060201A200,煮込み,放熱OFF,81.5,84.9,0.011,26.2,65
2025/6/2 7:48,KMC2025060201A200,煮込み,加熱ON,93,84.8,0.08,23.4,64.4
2025/6/2 7:49,KMC2025060201A200,煮込み,放熱OFF,80.8,84.7,0.053,24.1,65
2025/6/2 7:50,KMC2025060201A200,煮込み,加熱ON,93.9,84.8,0.122,25.7,65.5
2025/6/2 7:51,KMC2025060201A200,煮込み,放熱OFF,81.7,84.5,0.064,26.4,65.8
2025/6/2 7:52,KMC2025060201A200,煮込み,放熱OFF,83,84.9,0.038,27,64.5
2025/6/2 7:53,KMC2025060201A200,煮込み,放熱OFF,83.1,84.9,0.024,24,65.5
2025/6/2 7:54,KMC2025060201A200,煮込み,デッドタイム,83.1,84.9,0.024,24,65.5
2025/6/2 7:56,KMC2025060201A200,冷却,,30.9,85,0.037,25,64.8
2025/6/2 7:57,KMC2025060201A200,冷却,,30.9,85,0.054,25.2,64.2
2025/6/2 7:58,KMC2025060201A200,冷却,,30.9,82.6,0.076,25.2,64.1
2025/6/2 7:59,KMC2025060201A200,冷却,,30.9,80.4,0.085,25.1,64.1
2025/6/2 8:00,KMC2025060201A200,冷却,,30.9,78.2,0.092,25,64.9
2025/6/2 8:01,KMC2025060201A200,冷却,,30.9,76.1,0.103,25,65.1
2025/6/2 8:02,KMC2025060201A200,冷却,,30.9,74,0.121,24.7,64.2
2025/6/2 8:03,KMC2025060201A200,冷却,,30.9,72.2,0.132,24.8,64.7
2025/6/2 8:04,KMC2025060201A200,冷却,,30.9,70.6,0.134,24.8,64.4
2025/6/2 8:05,KMC2025060201A200,冷却,,30.9,68.8,0.141,25.5,65.3
2025/6/2 8:06,KMC2025060201A200,冷却,,30.9,67.1,0.148,25.8,64.8
2025/6/2 8:07,KMC2025060201A200,冷却,,30.9,65.6,0.147,25.6,65.6
2025/6/2 8:08,KMC2025060201A200,冷却,,30.9,64.2,0.151,24.5,65.3
2025/6/2 8:09,KMC2025060201A200,冷却,,30.9,62.7,0.155,25.3,66
2025/6/2 8:10,KMC2025060201A200,冷却,,30.9,61.3,0.155,25.1,64.5
2025/6/2 8:11,KMC2025060201A200,冷却,,30.9,60.1,0.151,25.4,64.8
2025/6/2 8:12,KMC2025060201A200,冷却,,30.9,58.7,0.145,25,65.4
2025/6/2 8:13,KMC2025060201A200,冷却,,30.9,57.4,0.16,25.6,65.5
2025/6/2 8:14,KMC2025060201A200,冷却,,30.9,56.3,0.154,25.1,65.4
2025/6/2 8:15,KMC2025060201A200,冷却,,30.9,55.1,0.16,25.1,65
2025/6/2 8:16,KMC2025060201A200,冷却,,30.9,54.1,0.153,25,65.9
2025/6/2 8:17,KMC2025060201A200,冷却,,30.9,53,0.147,25.2,65.4
2025/6/2 8:18,KMC2025060201A200,冷却,,30.9,52.1,0.148,24.4,64.7
2025/6/2 8:19,KMC2025060201A200,冷却,,30.9,51.3,0.156,23.8,64.1
2025/6/2 8:20,KMC2025060201A200,冷却,,30.9,50.3,0.165,24.9,64.7
2025/6/2 8:21,KMC2025060201A200,冷却,,30.9,49.5,0.172,24.4,65.6
2025/6/2 8:22,KMC2025060201A200,冷却,,30.9,48.7,0.179,26.4,64.4
2025/6/2 8:23,KMC2025060201A200,冷却,,30.9,48,0.174,24.9,65.2
2025/6/2 8:24,KMC2025060201A200,冷却,,30.9,47.1,0.173,23.6,64.3
2025/6/2 8:25,KMC2025060201A200,冷却,,30.9,46.6,0.166,23.7,64.9
2025/6/2 8:26,KMC2025060201A200,冷却,,30.9,45.9,0.16,26,65.1
2025/6/2 8:27,KMC2025060201A200,冷却,,30.9,45.4,0.17,23.4,65.6
2025/6/2 8:28,KMC2025060201A200,冷却,,30.9,44.8,0.179,24.9,64.5
2025/6/2 8:29,KMC2025060201A200,冷却,,30.9,44.3,0.174,25,65.9
2025/6/2 8:30,KMC2025060201A200,冷却,,30.9,43.8,0.176,25.3,65
2025/6/2 8:31,KMC2025060201A200,冷却,,30.9,43.2,0.171,23.9,64.3
2025/6/2 8:32,KMC2025060201A200,冷却,,30.9,42.7,0.174,25.6,65.2
2025/6/2 8:33,KMC2025060201A200,冷却,,30.9,42.3,0.184,25.3,64.3
2025/6/2 8:34,KMC2025060201A200,冷却,,30.9,41.9,0.179,25,65
2025/6/2 8:35,KMC2025060201A200,冷却,,30.9,41.4,0.186,23.7,65.7
2025/6/2 8:36,KMC2025060201A200,充填移送,攪拌待機中,30.7,41,0,25,64.6
2025/6/2 8:37,KMC2025060201A200,充填移送,攪拌待機中,30.8,40.6,0,25.3,64.5
2025/6/2 8:38,KMC2025060201A200,充填移送,攪拌待機中,30.7,40.4,0,25.2,65.8
2025/6/2 8:39,KMC2025060201A200,充填移送,攪拌待機中,30.7,40.4,0,25.1,64.1
2025/6/2 8:40,KMC2025060201A200,充填移送,攪拌待機中,30.6,40.3,0,25.1,64.9
2025/6/2 8:41,KMC2025060201A200,充填移送,攪拌待機中,30.4,40.1,0,25.1,64.1
2025/6/2 8:42,KMC2025060201A200,充填移送,攪拌待機中,30.3,39.8,0,24.8,64.1
2025/6/2 8:43,KMC2025060201A200,充填移送,攪拌待機中,30.3,39.8,0,25.1,65.1
2025/6/2 8:44,KMC2025060201A200,充填移送,攪拌待機中,30.1,39.8,0,25.2,65.6
2025/6/2 8:45,KMC2025060201A200,充填移送,攪拌待機中,30.3,39.6,0,25.6,66
2025/6/2 8:46,KMC2025060201A200,充填移送,攪拌待機中,30.4,39.5,0,25.8,65.4
2025/6/2 8:47,KMC2025060201A200,充填移送,攪拌待機中,30.6,39.4,0,24.5,65.9
2025/6/2 8:48,KMC2025060201A200,充填移送,攪拌待機中,30.7,39.5,0,25.1,64.1
2025/6/2 8:49,KMC2025060201A200,充填移送,攪拌待機中,30.7,39.3,0,25.2,64.4
2025/6/2 8:50,KMC2025060201A200,充填移送,攪拌待機中,30.8,39.2,0,24.5,64.2
2025/6/2 8:51,KMC2025060201A200,充填移送,攪拌待機中,30.7,39.1,0,24,64.1
2025/6/2 8:52,KMC2025060201A200,充填移送,攪拌待機中,30.9,39.1,0,25.7,65.4
2025/6/2 8:53,KMC2025060201A200,充填移送,攪拌待機中,30.8,39.1,0,24.1,65.4
2025/6/2 8:54,KMC2025060201A200,充填移送,攪拌待機中,30.9,39.1,0,24.7,65.4
2025/6/2 8:55,KMC2025060201A200,充填移送,攪拌待機中,30.8,38.9,0,25.8,65.1
2025/6/2 8:56,KMC2025060201A200,充填移送,攪拌待機中,30.8,38.7,0,25.8,65.6
2025/6/2 8:57,KMC2025060201A200,充填移送,攪拌待機中,30.9,38.6,0,23.8,64.3
2025/6/2 8:58,KMC2025060201A200,充填移送,攪拌待機中,30.8,38.5,0,23.5,64.4
2025/6/2 8:59,KMC2025060201A200,充填移送,攪拌待機中,30.9,38.4,0,26.2,65
2025/6/2 9:00,KMC2025060201A200,充填移送,攪拌待機中,30.7,38.4,0,26.4,65.6
2025/6/2 9:01,KMC2025060201A200,充填移送,攪拌待機中,30.8,38.4,0,26.2,65.5
2025/6/2 9:02,KMC2025060201A200,充填移送,攪拌待機中,30.6,38.3,0,24.8,64.9
2025/6/2 9:03,KMC2025060201A200,充填移送,攪拌待機中,30.5,38.2,0,23.9,65.2
2025/6/2 9:04,KMC2025060201A200,充填移送,攪拌待機中,30.4,38.1,0,24,65.1
2025/6/2 9:05,KMC2025060201A200,充填移送,攪拌待機中,30.5,38.2,0,26,65.4
2025/6/2 9:06,KMC2025060201A200,洗浄,荒洗い,30.3,38,0,25,65.1
2025/6/2 9:07,KMC2025060201A200,洗浄,荒洗い,30.7,38.1,0,25.2,64.8
2025/6/2 9:08,KMC2025060201A200,洗浄,荒洗い,30.7,21.7,0,25.3,65.9
2025/6/2 9:09,KMC2025060201A200,洗浄,荒洗い,30.5,21.7,0,25.2,64.6
2025/6/2 9:10,KMC2025060201A200,洗浄,荒洗い,30.4,20,0,25,65.7
2025/6/2 9:11,KMC2025060201A200,洗浄,昇温,52.8,20,0,24.9,65.7
2025/6/2 9:12,KMC2025060201A200,洗浄,昇温,69.7,20.9,0.088,24.6,65.9
2025/6/2 9:13,KMC2025060201A200,洗浄,昇温,82.4,24.2,0.157,24.7,65.5
2025/6/2 9:14,KMC2025060201A200,洗浄,昇温,91.9,28.9,0.211,25.2,65.8
2025/6/2 9:15,KMC2025060201A200,洗浄,昇温,98.9,34.4,0.253,25.5,64.7
2025/6/2 9:16,KMC2025060201A200,洗浄,昇温,104.1,40.2,0.285,25.1,64.4
2025/6/2 9:17,KMC2025060201A200,洗浄,昇温,108,46,0.311,25.4,64.2
2025/6/2 9:18,KMC2025060201A200,洗浄,昇温,110.9,51.9,0.33,24.9,66
2025/6/2 9:19,KMC2025060201A200,洗浄,昇温,113.2,57.3,0.346,24.8,65.5
2025/6/2 9:20,KMC2025060201A200,洗浄,昇温,115,62.5,0.358,25,65.9
2025/6/2 9:21,KMC2025060201A200,洗浄,高温保持,100,67.7,0.3,24.6,64.8
2025/6/2 9:22,KMC2025060201A200,洗浄,高温保持,100.3,72.4,0.3,25.3,64.8
2025/6/2 9:23,KMC2025060201A200,洗浄,高温保持,100.4,95,0.3,25.2,64.4
2025/6/2 9:24,KMC2025060201A200,洗浄,高温保持,100.3,95.2,0.3,25.6,64
2025/6/2 9:25,KMC2025060201A200,洗浄,高温保持,100,95.1,0.3,24.9,64.8
2025/6/2 9:26,KMC2025060201A200,洗浄,高温保持,99.7,95.2,0.3,25.6,64.3
2025/6/2 9:27,KMC2025060201A200,洗浄,高温保持,99.6,95.3,0.3,24.6,65.9
2025/6/2 9:28,KMC2025060201A200,洗浄,高温保持,99.7,95.2,0.3,25.1,65.3
2025/6/2 9:29,KMC2025060201A200,洗浄,高温保持,100,95.1,0.3,25.1,64.5
2025/6/2 9:30,KMC2025060201A200,洗浄,高温保持,100.3,95.3,0.3,25.5,65.4
2025/6/2 9:31,KMC2025060201A200,洗浄,冷却,27.5,95.4,0.15,25.5,65
2025/6/2 9:32,KMC2025060201A200,洗浄,冷却,27.4,95.3,0.15,25.4,65.3
2025/6/2 9:33,KMC2025060201A200,洗浄,冷却,26.9,90.9,0.15,24.9,65
2025/6/2 9:34,KMC2025060201A200,洗浄,冷却,27,87.1,0.15,25,65.7
2025/6/2 9:35,KMC2025060201A200,洗浄,冷却,27.7,83.3,0.15,25.7,64.5
2025/6/2 9:36,KMC2025060201A200,洗浄,冷却,26.1,79.9,0.15,24.1,65.2
2025/6/2 9:37,KMC2025060201A200,洗浄,冷却,26,76.4,0.15,24,66
2025/6/2 9:38,KMC2025060201A200,洗浄,冷却,26.6,73.2,0.15,24.6,65.2
2025/6/2 9:39,KMC2025060201A200,洗浄,冷却,26.6,70.3,0.15,24.6,64.6
2025/6/2 9:40,KMC2025060201A200,洗浄,冷却,28.3,67.5,0.15,26.3,65.4
2025/6/2 9:41,KMC2025060201A200,洗浄,冷却,27.7,65.1,0.15,25.7,65.2
2025/6/2 9:42,KMC2025060201A200,洗浄,冷却,25.9,62.8,0.15,23.9,64.9
2025/6/2 9:43,KMC2025060201A200,洗浄,冷却,27.8,60.5,0.15,25.8,64.7
2025/6/2 9:44,KMC2025060201A200,洗浄,冷却,26.4,58.3,0.15,24.4,65.4
2025/6/2 9:45,KMC2025060201A200,洗浄,冷却,27.8,56.3,0.15,25.8,64.3
2025/6/2 9:46,KMC2025060201A200,洗浄,冷却,28.1,54.5,0.15,26.1,65.6
2025/6/2 9:47,KMC2025060201A200,洗浄,冷却,28.4,52.6,0.15,26.4,64.7
2025/6/2 9:48,KMC2025060201A200,洗浄,冷却,28.2,51.1,0.15,26.2,64.2
2025/6/2 9:49,KMC2025060201A200,洗浄,冷却,27.5,49.5,0.15,25.5,65.2
2025/6/2 9:50,KMC2025060201A200,洗浄,冷却,28,48,0.15,26,64.9
2025/6/2 9:51,KMC2025060201A200,洗浄,冷却,27.2,46.7,0.15,25.2,64
2025/6/2 9:52,KMC2025060201A200,洗浄,冷却,26.6,45.2,0.15,24.6,66
2025/6/2 9:53,KMC2025060201A200,洗浄,冷却,27.3,44.2,0.15,25.3,64.3
2025/6/2 9:54,KMC2025060201A200,洗浄,冷却,25.8,42.9,0.15,23.8,64.5
2025/6/2 9:55,KMC2025060201A200,洗浄,冷却,28.7,41.8,0.15,26.7,64.7
2025/6/2 9:56,KMC2025060201A200,洗浄,冷却,26.1,40.6,0.15,24.1,65
2025/6/2 9:57,KMC2025060201A200,洗浄,冷却,28.9,39.7,0.15,26.9,64.9
2025/6/2 9:58,KMC2025060201A200,洗浄,冷却,27.4,38.8,0.15,25.4,65.1
2025/6/2 9:59,KMC2025060201A200,洗浄,冷却,25.3,38,0.15,23.3,64.6
2025/6/2 10:00,KMC2025060201A200,洗浄,冷却,28.4,37.1,0.15,26.4,64.3
2025/6/2 10:01,KMC2025060201A200,洗浄,冷却,25.7,36.3,0.15,23.7,64
2025/6/2 10:02,KMC2025060201A200,洗浄,冷却,25.7,35.8,0.15,23.7,64.5
2025/6/2 10:03,KMC2025060201A200,洗浄,冷却,26.5,35.2,0.15,24.5,66
2025/6/2 10:04,KMC2025060201A200,洗浄,冷却,28.3,34.7,0.15,26.3,65.7
2025/6/2 10:05,KMC2025060201A200,洗浄,冷却,26.4,34.2,0.15,24.4,65
2025/7/1 6:00,KMC2025070101A200,材料仕込み,仕込み開始,29.7,33.8,-0.008,30,70.3
2025/7/1 6:01,KMC2025070101A200,材料仕込み,水投入,30.6,33.1,0.008,30.2,70.1
2025/7/1 6:02,KMC2025070101A200,材料仕込み,水投入,30.8,28.8,0,30.5,69
2025/7/1 6:03,KMC2025070101A200,材料仕込み,冷凍肉投入,30.7,23.2,0,30.3,70.4
2025/7/1 6:04,KMC2025070101A200,材料仕込み,冷凍肉投入,29.8,23.2,0,29.8,70
2025/7/1 6:05,KMC2025070101A200,材料仕込み,冷凍肉投入,29.8,23.2,0,29.9,70.1
2025/7/1 6:06,KMC2025070101A200,材料仕込み,冷凍野菜投入,29.3,23.2,0,29.2,70
2025/7/1 6:07,KMC2025070101A200,材料仕込み,冷凍野菜投入,29.6,23.2,0,29.1,70.2
2025/7/1 6:08,KMC2025070101A200,材料仕込み,冷凍野菜投入,31,23.2,0,30.6,70.4
2025/7/1 6:09,KMC2025070101A200,材料仕込み,香辛料投入,29.8,23.2,0,30.1,70.6
2025/7/1 6:10,KMC2025070101A200,材料仕込み,香辛料投入,30,23.2,0,29.6,70.8
2025/7/1 6:11,KMC2025070101A200,材料仕込み,小麦粉投入,31.4,23.2,0,31.2,69.5
2025/7/1 6:12,KMC2025070101A200,材料仕込み,小麦粉投入,31.4,23.5,0,31.3,69.6
2025/7/1 6:13,KMC2025070101A200,材料仕込み,調味料投入,28.5,23.3,0,29,70.8
2025/7/1 6:14,KMC2025070101A200,材料仕込み,調味料投入,29.3,23.4,0,29.5,69
2025/7/1 6:15,KMC2025070101A200,材料仕込み,撹拌,28.4,23.5,0,28.5,69.8
2025/7/1 6:16,KMC2025070101A200,材料仕込み,撹拌,30.1,23.5,0,29.6,70.4
2025/7/1 6:17,KMC2025070101A200,材料仕込み,撹拌,30.3,23.3,0,30.6,70.2
2025/7/1 6:18,KMC2025070101A200,材料仕込み,撹拌,30.7,23.2,0,30.9,69.4
2025/7/1 6:19,KMC2025070101A200,材料仕込み,撹拌,30,23.6,0,30.4,69.9
2025/7/1 6:20,KMC2025070101A200,材料仕込み,デッドタイム,30,23.6,0,30.4,69.9
2025/7/1 6:22,KMC2025070101A200,昇温,,36.8,23.6,0,30,69.8
2025/7/1 6:23,KMC2025070101A200,昇温,,38.6,23.6,0.073,30.1,69.2
2025/7/1 6:24,KMC2025070101A200,昇温,,40.4,23.7,0.132,30.4,70.8
2025/7/1 6:25,KMC2025070101A200,昇温,,42.1,26.1,0.18,30.1,71
2025/7/1 6:26,KMC2025070101A200,昇温,,59.1,28.2,0.22,30.1,69.8
2025/7/1 6:27,KMC2025070101A200,昇温,,72.7,30.1,0.253,29.7,70.6
2025/7/1 6:28,KMC2025070101A200,昇温,,83.5,32,0.28,29.9,69.5
2025/7/1 6:29,KMC2025070101A200,昇温,,92.2,34.1,0.301,30.1,69.9
2025/7/1 6:30,KMC2025070101A200,昇温,,99.2,36.2,0.319,30.2,69.3
2025/7/1 6:31,KMC2025070101A200,昇温,,104.8,38,0.334,30.4,70
2025/7/1 6:32,KMC2025070101A200,昇温,,109.2,40.3,0.346,29.8,69.2
2025/7/1 6:33,KMC2025070101A200,昇温,,112.8,42.7,0.356,29.8,70.9
2025/7/1 6:34,KMC2025070101A200,昇温,,115.6,44.9,0.364,29.7,69.4
2025/7/1 6:35,KMC2025070101A200,昇温,,117.8,47.3,0.37,29.4,70.1
2025/7/1 6:36,KMC2025070101A200,昇温,,119.7,49.4,0.376,30.6,69.2
2025/7/1 6:37,KMC2025070101A200,昇温,,121.1,51,0.38,29.6,69.6
2025/7/1 6:38,KMC2025070101A200,昇温,,122.3,53.1,0.38,29.8,69.4
2025/7/1 6:39,KMC2025070101A200,昇温,,123.2,55.2,0.38,29.9,69.7
2025/7/1 6:40,KMC2025070101A200,昇温,,124,57.2,0.38,29.5,70.7
2025/7/1 6:41,KMC2025070101A200,昇温,,124.6,59.3,0.38,31.4,71
2025/7/1 6:42,KMC2025070101A200,昇温,,125.1,61.8,0.38,29.9,69.7
2025/7/1 6:43,KMC2025070101A200,昇温,,125.5,64.2,0.38,30.9,69.3
2025/7/1 6:44,KMC2025070101A200,昇温,,125.8,66.3,0.38,29.7,70.1
2025/7/1 6:45,KMC2025070101A200,昇温,,126.1,68.5,0.38,31.4,70
2025/7/1 6:46,KMC2025070101A200,昇温,,126.3,70.1,0.38,31.3,70.9
2025/7/1 6:47,KMC2025070101A200,昇温,,126.5,72,0.38,30.6,69.4
2025/7/1 6:48,KMC2025070101A200,昇温,,126.5,74.1,0.38,28.3,69.4
2025/7/1 6:49,KMC2025070101A200,昇温,,126.6,76.3,0.38,30.2,69.3
2025/7/1 6:50,KMC2025070101A200,昇温,,126.7,78.3,0.38,30.5,69.9
2025/7/1 6:51,KMC2025070101A200,昇温,,126.8,80.8,0.38,29.6,70.2
2025/7/1 6:52,KMC2025070101A200,煮込み,工程切替,126.9,83.3,0.196,30,69.7
2025/7/1 6:53,KMC2025070101A200,煮込み,工程切替,126.8,85.4,-0.004,31,70.1
2025/7/1 6:54,KMC2025070101A200,煮込み,放熱OFF,82.6,85.4,0.007,30,69.3
2025/7/1 6:55,KMC2025070101A200,煮込み,放熱OFF,82.3,85.4,0.005,30.2,69.9
2025/7/1 6:56,KMC2025070101A200,煮込み,放熱OFF,82.2,85.4,-0.006,30.3,70.5
2025/7/1 6:57,KMC2025070101A200,煮込み,放熱OFF,83.3,85.3,-0.012,30.2,70.1
2025/7/1 6:58,KMC2025070101A200,煮込み,放熱OFF,82.9,85.3,-0.012,30.1,69.1
2025/7/1 6:59,KMC2025070101A200,煮込み,放熱OFF,81.9,85.5,-0.012,29.8,69.6
2025/7/1 7:00,KMC2025070101A200,煮込み,放熱OFF,82.5,85.6,-0.012,29.8,70.8
2025/7/1 7:01,KMC2025070101A200,煮込み,放熱OFF,80.7,85.3,0,29.5,69
2025/7/1 7:02,KMC2025070101A200,煮込み,加熱ON,93.9,85,0.074,29.6,69.3
2025/7/1 7:03,KMC2025070101A200,煮込み,放熱OFF,82,84.5,0.053,30.2,69.5
2025/7/1 7:04,KMC2025070101A200,煮込み,加熱ON,93.4,84.7,0.125,30.1,69.3
2025/7/1 7:05,KMC2025070101A200,煮込み,放熱OFF,82.3,84.7,0.08,30.3,70.1
2025/7/1 7:06,KMC2025070101A200,煮込み,放熱OFF,82.9,85.1,0.049,30.6,70.5
2025/7/1 7:07,KMC2025070101A200,煮込み,放熱OFF,83.3,85.1,0.023,30,69.5
2025/7/1 7:08,KMC2025070101A200,煮込み,放熱OFF,81.6,85.3,0.019,30.3,70.3
2025/7/1 7:09,KMC2025070101A200,煮込み,放熱OFF,82.3,85.3,0.005,29.3,70.2
2025/7/1 7:10,KMC2025070101A200,煮込み,加熱ON,93.1,84.9,0.093,30.2,69.6
2025/7/1 7:11,KMC2025070101A200,煮込み,放熱OFF,80.9,84.6,0.058,30,69.3
2025/7/1 7:12,KMC2025070101A200,煮込み,加熱ON,93.7,84.8,0.133,30.2,69.4
2025/7/1 7:13,KMC2025070101A200,煮込み,放熱OFF,81.7,84.6,0.075,29.9,70.9
2025/7/1 7:14,KMC2025070101A200,煮込み,放熱OFF,83.1,84.9,0.055,29.9,69.6
2025/7/1 7:15,KMC2025070101A200,煮込み,放熱OFF,82.8,84.9,0.034,30.7,69.2
2025/7/1 7:16,KMC2025070101A200,煮込み,放熱OFF,82.1,85,0.015,29.9,69.1
2025/7/1 7:17,KMC2025070101A200,煮込み,放熱OFF,80.7,85,0.001,29.6,70.2
2025/7/1 7:18,KMC2025070101A200,煮込み,加熱ON,93.6,84.8,0.073,29.5,69
2025/7/1 7:19,KMC2025070101A200,煮込み,放熱OFF,80.9,84.5,0.05,28.9,69.4
2025/7/1 7:20,KMC2025070101A200,煮込み,加熱ON,94.1,84.8,0.128,30.4,69.1
2025/7/1 7:21,KMC2025070101A200,煮込み,加熱ON,93.8,84.4,0.174,29.5,69.7
2025/7/1 7:22,KMC2025070101A200,煮込み,放熱OFF,82.4,84.6,0.099,31,69.7
2025/7/1 7:23,KMC2025070101A200,煮込み,放熱OFF,82.4,85.1,0.052,29.7,69
2025/7/1 7:24,KMC2025070101A200,煮込み,放熱OFF,82.3,85,0.025,30,70.9
2025/7/1 7:25,KMC2025070101A200,煮込み,放熱OFF,83.3,85.2,0.01,29.3,69.2
2025/7/1 7:26,KMC2025070101A200,煮込み,放熱OFF,83.1,85.4,0.009,29.5,70
2025/7/1 7:27,KMC2025070101A200,煮込み,放熱OFF,81.9,85.2,0.007,28.8,70.4
2025/7/1 7:28,KMC2025070101A200,煮込み,加熱ON,93,85.1,0.089,29.8,69.9
2025/7/1 7:29,KMC2025070101A200,煮込み,放熱OFF,81.4,84.7,0.045,30.9,69.3
2025/7/1 7:30,KMC2025070101A200,煮込み,加熱ON,94.1,84.8,0.122,30.5,69.2
2025/7/1 7:31,KMC2025070101A200,煮込み,放熱OFF,82,84.5,0.079,30.2,70.5
2025/7/1 7:32,KMC2025070101A200,煮込み,放熱OFF,81.9,85,0.046,30.2,71
2025/7/1 7:33,KMC2025070101A200,煮込み,放熱OFF,82.6,85.1,0.021,29.4,69.1
2025/7/1 7:34,KMC2025070101A200,煮込み,放熱OFF,82.8,85.1,0.012,29.3,71
2025/7/1 7:35,KMC2025070101A200,煮込み,放熱OFF,82.5,85.2,0.001,29.3,70.2
2025/7/1 7:36,KMC2025070101A200,煮込み,放熱OFF,81.4,85.1,-0.001,29.5,69.1
2025/7/1 7:37,KMC2025070101A200,煮込み,加熱ON,93.9,84.8,0.074,29.3,70.9
2025/7/1 7:38,KMC2025070101A200,煮込み,加熱ON,93.2,84.4,0.141,29.1,69.4
2025/7/1 7:39,KMC2025070101A200,煮込み,放熱OFF,82.1,84.7,0.087,30.9,70.9
2025/7/1 7:40,KMC2025070101A200,煮込み,加熱ON,93.9,84.8,0.152,30.8,69.9
2025/7/1 7:41,KMC2025070101A200,煮込み,放熱OFF,82.6,84.6,0.091,29.9,70.3
2025/7/1 7:42,KMC2025070101A200,煮込み,放熱OFF,81.9,85.1,0.048,31.1,70.2
2025/7/1 7:43,KMC2025070101A200,煮込み,放熱OFF,83,85.1,0.036,29.6,69.2
2025/7/1 7:44,KMC2025070101A200,煮込み,放熱OFF,81.4,85.1,0.027,30.1,69
2025/7/1 7:45,KMC2025070101A200,煮込み,放熱OFF,82.4,85,0.018,31.1,69.9
2025/7/1 7:46,KMC2025070101A200,煮込み,加熱ON,93.6,84.7,0.103,30,70.5
2025/7/1 7:47,KMC2025070101A200,煮込み,放熱OFF,81.3,84.5,0.052,28.4,70.5
2025/7/1 7:48,KMC2025070101A200,煮込み,加熱ON,93.6,84.8,0.117,29.5,70.3
2025/7/1 7:49,KMC2025070101A200,煮込み,放熱OFF,81.6,84.6,0.065,29,69.9
2025/7/1 7:50,KMC2025070101A200,煮込み,放熱OFF,83,85,0.047,28.5,69.4
2025/7/1 7:51,KMC2025070101A200,煮込み,放熱OFF,81.9,84.9,0.037,30.6,69.1
2025/7/1 7:52,KMC2025070101A200,煮込み,放熱OFF,82.4,85.1,0.021,29.3,69.9
2025/7/1 7:53,KMC2025070101A200,煮込み,放熱OFF,81.9,85.2,0.02,31.2,69.9
2025/7/1 7:54,KMC2025070101A200,煮込み,デッドタイム,81.9,85.1,0.02,31.2,69.9
2025/7/1 7:55,KMC2025070101A200,煮込み,デッドタイム,81.9,84.9,0.02,31.2,69.9
2025/7/1 7:56,KMC2025070101A200,冷却,,34.8,84.9,0.048,30,69.1
2025/7/1 7:57,KMC2025070101A200,冷却,,34.8,84.9,0.062,30.2,70
2025/7/1 7:58,KMC2025070101A200,冷却,,34.8,82.8,0.079,30.4,70.2
2025/7/1 7:59,KMC2025070101A200,冷却,,34.8,80.8,0.104,30.1,69.1
2025/7/1 8:00,KMC2025070101A200,冷却,,34.8,78.9,0.112,30.1,70.5
2025/7/1 8:01,KMC2025070101A200,冷却,,34.8,76.9,0.126,30.1,69.5
2025/7/1 8:02,KMC2025070101A200,冷却,,34.8,75.1,0.126,29.5,69.9
2025/7/1 8:03,KMC2025070101A200,冷却,,34.8,73.4,0.132,29.5,69.4
2025/7/1 8:04,KMC2025070101A200,冷却,,34.8,71.7,0.135,30.1,70.2
2025/7/1 8:05,KMC2025070101A200,冷却,,34.8,70.1,0.135,29.7,70.3
2025/7/1 8:06,KMC2025070101A200,冷却,,34.8,68.6,0.15,30,70.4
2025/7/1 8:07,KMC2025070101A200,冷却,,34.8,67,0.154,30.8,70.2
2025/7/1 8:08,KMC2025070101A200,冷却,,34.8,65.7,0.167,30.6,70.6
2025/7/1 8:09,KMC2025070101A200,冷却,,34.8,64.4,0.165,30,70.4
2025/7/1 8:10,KMC2025070101A200,冷却,,34.8,63.3,0.157,30.5,70.8
2025/7/1 8:11,KMC2025070101A200,冷却,,34.8,62.1,0.157,30.4,69.1
2025/7/1 8:12,KMC2025070101A200,冷却,,34.8,60.8,0.162,30.4,69.1
2025/7/1 8:13,KMC2025070101A200,冷却,,34.8,59.7,0.169,29,70.8
2025/7/1 8:14,KMC2025070101A200,冷却,,34.8,58.7,0.179,29.6,69.4
2025/7/1 8:15,KMC2025070101A200,冷却,,34.8,57.7,0.17,30.3,70.6
2025/7/1 8:16,KMC2025070101A200,冷却,,34.8,56.8,0.171,31.1,70.5
2025/7/1 8:17,KMC2025070101A200,冷却,,34.8,55.8,0.17,30.3,70.4
2025/7/1 8:18,KMC2025070101A200,冷却,,34.8,54.8,0.168,30.4,70
2025/7/1 8:19,KMC2025070101A200,冷却,,34.8,53.9,0.162,30.4,69.2
2025/7/1 8:20,KMC2025070101A200,冷却,,34.8,53,0.171,30.6,69.3
2025/7/1 8:21,KMC2025070101A200,冷却,,34.8,52.1,0.177,30.2,69.8
2025/7/1 8:22,KMC2025070101A200,冷却,,34.8,51.3,0.168,29.2,69.3
2025/7/1 8:23,KMC2025070101A200,冷却,,34.8,50.7,0.173,29.7,70.9
2025/7/1 8:24,KMC2025070101A200,冷却,,34.8,49.9,0.181,30.4,70.5
2025/7/1 8:25,KMC2025070101A200,冷却,,34.8,49.1,0.19,29,69.9
2025/7/1 8:26,KMC2025070101A200,冷却,,34.8,48.7,0.192,30.5,69.2
2025/7/1 8:27,KMC2025070101A200,冷却,,34.8,48,0.193,31,70
2025/7/1 8:28,KMC2025070101A200,冷却,,34.8,47.6,0.189,30.2,70.6
2025/7/1 8:29,KMC2025070101A200,冷却,,34.8,47.1,0.191,29.3,69.8
2025/7/1 8:30,KMC2025070101A200,冷却,,34.8,46.7,0.189,31.3,69.2
2025/7/1 8:31,KMC2025070101A200,冷却,,34.8,46.2,0.198,28.3,70.1
2025/7/1 8:32,KMC2025070101A200,冷却,,34.8,45.8,0.194,28.4,70.1
2025/7/1 8:33,KMC2025070101A200,冷却,,34.8,45.4,0.192,28.8,69.7
2025/7/1 8:34,KMC2025070101A200,冷却,,34.8,45.1,0.192,30.6,69.7
2025/7/1 8:35,KMC2025070101A200,冷却,,34.8,44.8,0.188,28.7,69.4
2025/7/1 8:36,KMC2025070101A200,充填移送,攪拌待機中,34.9,44.3,0,30,70
2025/7/1 8:37,KMC2025070101A200,充填移送,攪拌待機中,35.1,43.8,0,30.2,70.2
2025/7/1 8:38,KMC2025070101A200,充填移送,攪拌待機中,35.1,43.8,0,30.4,69.3
2025/7/1 8:39,KMC2025070101A200,充填移送,攪拌待機中,35.2,43.4,0,30.3,69.1
2025/7/1 8:40,KMC2025070101A200,充填移送,攪拌待機中,35.1,43.2,0,30,70.9
2025/7/1 8:41,KMC2025070101A200,充填移送,攪拌待機中,35.2,43.1,0,29.9,70
2025/7/1 8:42,KMC2025070101A200,充填移送,攪拌待機中,35.3,43,0,29.7,69.4
2025/7/1 8:43,KMC2025070101A200,充填移送,攪拌待機中,35.4,42.9,0,29.3,70.2
2025/7/1 8:44,KMC2025070101A200,充填移送,攪拌待機中,35.4,42.6,0,29.8,70.1
2025/7/1 8:45,KMC2025070101A200,充填移送,攪拌待機中,35.5,42.3,0,29.6,70.9
2025/7/1 8:46,KMC2025070101A200,充填移送,攪拌待機中,35.3,42.3,0,30.3,69.6
2025/7/1 8:47,KMC2025070101A200,充填移送,攪拌待機中,35.5,42.1,0,29.7,70.6
2025/7/1 8:48,KMC2025070101A200,充填移送,攪拌待機中,35.4,41.8,0,30.6,70.1
2025/7/1 8:49,KMC2025070101A200,充填移送,攪拌待機中,35.3,41.7,0,30.7,69.9
2025/7/1 8:50,KMC2025070101A200,充填移送,攪拌待機中,35.2,41.5,0,30,69.3
2025/7/1 8:51,KMC2025070101A200,充填移送,攪拌待機中,35.3,41.3,0,30.2,69.1
2025/7/1 8:52,KMC2025070101A200,充填移送,攪拌待機中,35.2,41.3,0,29.1,70.2
2025/7/1 8:53,KMC2025070101A200,充填移送,攪拌待機中,35.3,41.1,0,29.5,69.2
2025/7/1 8:54,KMC2025070101A200,充填移送,攪拌待機中,35.1,41.1,0,28.9,70
2025/7/1 8:55,KMC2025070101A200,充填移送,攪拌待機中,35.1,41.1,0,29.4,70.6
2025/7/1 8:56,KMC2025070101A200,充填移送,攪拌待機中,34.9,40.9,0,31.4,69.7
2025/7/1 8:57,KMC2025070101A200,充填移送,攪拌待機中,35,40.9,0,29.3,69.4
2025/7/1 8:58,KMC2025070101A200,充填移送,攪拌待機中,35,40.9,0,29.3,69.1
2025/7/1 8:59,KMC2025070101A200,充填移送,攪拌待機中,34.8,40.7,0,31.3,69.4
2025/7/1 9:00,KMC2025070101A200,充填移送,攪拌待機中,34.9,40.6,0,29.4,70.3
2025/7/1 9:01,KMC2025070101A200,充填移送,攪拌待機中,34.7,40.5,0,29.8,70.8
2025/7/1 9:02,KMC2025070101A200,充填移送,攪拌待機中,34.7,40.5,0,30.5,70
2025/7/1 9:03,KMC2025070101A200,充填移送,攪拌待機中,34.7,40.3,0,29.4,70.8
2025/7/1 9:04,KMC2025070101A200,充填移送,攪拌待機中,34.7,40.1,0,31.9,69.3
2025/7/1 9:05,KMC2025070101A200,充填移送,攪拌待機中,34.6,40,0,29.9,69.6
2025/7/1 9:06,KMC2025070101A200,洗浄,荒洗い,34.9,40,0,30,69
2025/7/1 9:07,KMC2025070101A200,洗浄,荒洗い,35.2,39.9,0,30.2,69.4
2025/7/1 9:08,KMC2025070101A200,洗浄,荒洗い,35.7,23.3,0,30.3,70.7
2025/7/1 9:09,KMC2025070101A200,洗浄,荒洗い,35.7,23.8,0,30.4,69.4
2025/7/1 9:10,KMC2025070101A200,洗浄,荒洗い,35,23.2,0,30.1,69.9
2025/7/1 9:11,KMC2025070101A200,洗浄,昇温,56.2,24,0,29.8,70.8
2025/7/1 9:12,KMC2025070101A200,洗浄,昇温,72.3,23.9,0.088,29.8,71
2025/7/1 9:13,KMC2025070101A200,洗浄,昇温,84.3,27.2,0.157,29.9,69.5
2025/7/1 9:14,KMC2025070101A200,洗浄,昇温,93.3,31.8,0.211,29.8,70
2025/7/1 9:15,KMC2025070101A200,洗浄,昇温,100,37.1,0.253,30.2,69.6
2025/7/1 9:16,KMC2025070101A200,洗浄,昇温,105,42.7,0.285,30.5,69.6
2025/7/1 9:17,KMC2025070101A200,洗浄,昇温,108.6,48.4,0.311,30.6,70.2
2025/7/1 9:18,KMC2025070101A200,洗浄,昇温,111.4,54.1,0.33,30.5,69.1
2025/7/1 9:19,KMC2025070101A200,洗浄,昇温,113.4,59.5,0.346,30,70.5
2025/7/1 9:20,KMC2025070101A200,洗浄,昇温,115.1,64.7,0.358,29.5,70.3
2025/7/1 9:21,KMC2025070101A200,洗浄,高温保持,100,69.6,0.3,29.9,69.9
2025/7/1 9:22,KMC2025070101A200,洗浄,高温保持,100.3,74.1,0.3,29.4,70.9
2025/7/1 9:23,KMC2025070101A200,洗浄,高温保持,100.4,95.1,0.3,29.9,70.8
2025/7/1 9:24,KMC2025070101A200,洗浄,高温保持,100.3,95.3,0.3,30.1,70.8
2025/7/1 9:25,KMC2025070101A200,洗浄,高温保持,100.1,95.4,0.3,30,69.9
2025/7/1 9:26,KMC2025070101A200,洗浄,高温保持,99.9,95.6,0.3,30.9,70.7
2025/7/1 9:27,KMC2025070101A200,洗浄,高温保持,99.7,95.7,0.3,30.4,69.4
2025/7/1 9:28,KMC2025070101A200,洗浄,高温保持,99.6,95.7,0.3,29.7,70.9
2025/7/1 9:29,KMC2025070101A200,洗浄,高温保持,99.7,95.6,0.3,30.5,70.1
2025/7/1 9:30,KMC2025070101A200,洗浄,高温保持,100,95.7,0.3,29.1,69.2
2025/7/1 9:31,KMC2025070101A200,洗浄,冷却,31.8,95.6,0.15,29.8,70.8
2025/7/1 9:32,KMC2025070101A200,洗浄,冷却,31.3,95.7,0.15,29.3,69.7
2025/7/1 9:33,KMC2025070101A200,洗浄,冷却,31.2,91.4,0.15,29.2,69.7
2025/7/1 9:34,KMC2025070101A200,洗浄,冷却,33.1,87.4,0.15,31.1,70.2
2025/7/1 9:35,KMC2025070101A200,洗浄,冷却,33.1,83.6,0.15,31.1,70.3
2025/7/1 9:36,KMC2025070101A200,洗浄,冷却,32.6,80,0.15,30.6,70.4
2025/7/1 9:37,KMC2025070101A200,洗浄,冷却,32.8,76.7,0.15,30.8,70.2
2025/7/1 9:38,KMC2025070101A200,洗浄,冷却,30.8,73.6,0.15,28.8,70.9
2025/7/1 9:39,KMC2025070101A200,洗浄,冷却,31.6,70.8,0.15,29.6,71
2025/7/1 9:40,KMC2025070101A200,洗浄,冷却,32.4,68,0.15,30.4,70.9
2025/7/1 9:41,KMC2025070101A200,洗浄,冷却,32.2,65.4,0.15,30.2,69.7
2025/7/1 9:42,KMC2025070101A200,洗浄,冷却,32.4,62.8,0.15,30.4,69.3
2025/7/1 9:43,KMC2025070101A200,洗浄,冷却,31.3,60.7,0.15,29.3,69
2025/7/1 9:44,KMC2025070101A200,洗浄,冷却,31.1,58.5,0.15,29.1,70.7
2025/7/1 9:45,KMC2025070101A200,洗浄,冷却,33.4,56.5,0.15,31.4,70.5
2025/7/1 9:46,KMC2025070101A200,洗浄,冷却,33.2,54.5,0.15,31.2,69.2
2025/7/1 9:47,KMC2025070101A200,洗浄,冷却,31.2,52.5,0.15,29.2,69.4
2025/7/1 9:48,KMC2025070101A200,洗浄,冷却,33,50.7,0.15,31,69.4
2025/7/1 9:49,KMC2025070101A200,洗浄,冷却,32.8,49.3,0.15,30.8,70.5
2025/7/1 9:50,KMC2025070101A200,洗浄,冷却,32.5,47.7,0.15,30.5,70.5
2025/7/1 9:51,KMC2025070101A200,洗浄,冷却,31.6,46.3,0.15,29.6,69.5
2025/7/1 9:52,KMC2025070101A200,洗浄,冷却,33.5,44.9,0.15,31.5,69.1
2025/7/1 9:53,KMC2025070101A200,洗浄,冷却,32.8,43.8,0.15,30.8,69
2025/7/1 9:54,KMC2025070101A200,洗浄,冷却,32,42.8,0.15,30,70.4
2025/7/1 9:55,KMC2025070101A200,洗浄,冷却,32.2,41.8,0.15,30.2,69.6
2025/7/1 9:56,KMC2025070101A200,洗浄,冷却,30.7,40.8,0.15,28.7,69.3
2025/7/1 9:57,KMC2025070101A200,洗浄,冷却,32.8,39.7,0.15,30.8,70.7
2025/7/1 9:58,KMC2025070101A200,洗浄,冷却,33.2,38.9,0.15,31.2,69.1
2025/7/1 9:59,KMC2025070101A200,洗浄,冷却,32.3,38.3,0.15,30.3,69.9
2025/7/1 10:00,KMC2025070101A200,洗浄,冷却,30.8,37.3,0.15,28.8,70.4
2025/7/1 10:01,KMC2025070101A200,洗浄,冷却,32,36.5,0.15,30,69.1
2025/7/1 10:02,KMC2025070101A200,洗浄,冷却,33.7,35.9,0.15,31.7,70.4
2025/7/1 10:03,KMC2025070101A200,洗浄,冷却,32.3,35.3,0.15,30.3,70.6
2025/7/1 10:04,KMC2025070101A200,洗浄,冷却,30.5,34.5,0.15,28.5,69.6
2025/7/1 10:05,KMC2025070101A200,洗浄,冷却,31.8,34.2,0.15,29.8,69.4
2025/8/1 6:00,KMC2025080101A200,材料仕込み,仕込み開始,32.6,33.6,0,33,75
2025/8/1 6:01,KMC2025080101A200,材料仕込み,水投入,33.2,32.9,-0.005,33.1,75.7
2025/8/1 6:02,KMC2025080101A200,材料仕込み,水投入,33.7,32.7,0,33.2,75.4
2025/8/1 6:03,KMC2025080101A200,材料仕込み,冷凍肉投入,33.4,26.5,0,33.1,74.3
2025/8/1 6:04,KMC2025080101A200,材料仕込み,冷凍肉投入,32.7,26.5,0,33,75.1
2025/8/1 6:05,KMC2025080101A200,材料仕込み,冷凍肉投入,32.9,26.5,0,33.3,74.8
2025/8/1 6:06,KMC2025080101A200,材料仕込み,冷凍野菜投入,33.7,26.5,0,33.4,75.8
2025/8/1 6:07,KMC2025080101A200,材料仕込み,冷凍野菜投入,32.9,26.5,0,33,75.9
2025/8/1 6:08,KMC2025080101A200,材料仕込み,冷凍野菜投入,33.2,26.5,0,33.1,74.4
2025/8/1 6:09,KMC2025080101A200,材料仕込み,香辛料投入,32.4,26.5,0,32.5,74.7
2025/8/1 6:10,KMC2025080101A200,材料仕込み,香辛料投入,33.3,26.5,0,33.6,74.6
2025/8/1 6:11,KMC2025080101A200,材料仕込み,小麦粉投入,31.6,26.5,0,32.1,76
2025/8/1 6:12,KMC2025080101A200,材料仕込み,小麦粉投入,32.5,26.6,0,32.7,74.8
2025/8/1 6:13,KMC2025080101A200,材料仕込み,調味料投入,34.1,26.7,0,34.3,75.1
2025/8/1 6:14,KMC2025080101A200,材料仕込み,調味料投入,32.1,27,0,32,75.5
2025/8/1 6:15,KMC2025080101A200,材料仕込み,撹拌,31.6,27.3,0,31.6,74.9
2025/8/1 6:16,KMC2025080101A200,材料仕込み,撹拌,32.6,27,0,32.4,74.8
2025/8/1 6:17,KMC2025080101A200,材料仕込み,撹拌,33.2,27.2,0,33.2,75.4
2025/8/1 6:18,KMC2025080101A200,材料仕込み,撹拌,33.2,27.4,0,33.5,74.6
2025/8/1 6:19,KMC2025080101A200,材料仕込み,撹拌,34.3,27.3,0,34.6,75
2025/8/1 6:20,KMC2025080101A200,材料仕込み,デッドタイム,34.3,27.7,0,34.6,75
2025/8/1 6:21,KMC2025080101A200,材料仕込み,デッドタイム,34.3,27.9,0,34.6,75
2025/8/1 6:22,KMC2025080101A200,昇温,,39.8,27.9,0,33,75.6
2025/8/1 6:23,KMC2025080101A200,昇温,,41.6,27.9,0.073,33.2,74.4
2025/8/1 6:24,KMC2025080101A200,昇温,,43.3,28,0.132,33.4,74.6
2025/8/1 6:25,KMC2025080101A200,昇温,,45,30.2,0.18,33.1,75
2025/8/1 6:26,KMC2025080101A200,昇温,,61.5,32.8,0.22,33.4,75.3
2025/8/1 6:27,KMC2025080101A200,昇温,,74.8,35.1,0.253,32.8,74.6
2025/8/1 6:28,KMC2025080101A200,昇温,,85.3,37.1,0.28,32.6,74.9
2025/8/1 6:29,KMC2025080101A200,昇温,,93.8,39,0.301,32.7,74
2025/8/1 6:30,KMC2025080101A200,昇温,,100.6,41,0.319,32.7,74.2
2025/8/1 6:31,KMC2025080101A200,昇温,,106,43.3,0.334,32.5,75.6
2025/8/1 6:32,KMC2025080101A200,昇温,,110.3,45.8,0.346,32.7,75.9
2025/8/1 6:33,KMC2025080101A200,昇温,,113.8,47.8,0.356,32.8,75.8
2025/8/1 6:34,KMC2025080101A200,昇温,,116.5,50.2,0.364,32.6,75.1
2025/8/1 6:35,KMC2025080101A200,昇温,,118.8,52.9,0.37,33.2,74.6
2025/8/1 6:36,KMC2025080101A200,昇温,,120.6,55.2,0.376,33.7,75
2025/8/1 6:37,KMC2025080101A200,昇温,,122,57.2,0.38,33,75.1
2025/8/1 6:38,KMC2025080101A200,昇温,,123.2,59.5,0.38,33.4,74.2
2025/8/1 6:39,KMC2025080101A200,昇温,,124.1,61.5,0.38,33.4,75.1
2025/8/1 6:40,KMC2025080101A200,昇温,,124.8,63.5,0.38,32.2,74.8
2025/8/1 6:41,KMC2025080101A200,昇温,,125.3,65.8,0.38,32.5,74.6
2025/8/1 6:42,KMC2025080101A200,昇温,,125.8,68.1,0.38,32,75.4
2025/8/1 6:43,KMC2025080101A200,昇温,,126.2,70.2,0.38,33.2,75.1
2025/8/1 6:44,KMC2025080101A200,昇温,,126.5,72.7,0.38,34.3,75.8
2025/8/1 6:45,KMC2025080101A200,昇温,,126.8,75.2,0.38,33.9,75.2
2025/8/1 6:46,KMC2025080101A200,昇温,,126.9,77.7,0.38,31.7,74.5
2025/8/1 6:47,KMC2025080101A200,昇温,,127.1,79.7,0.38,33,74.5
2025/8/1 6:48,KMC2025080101A200,昇温,,127.2,81.9,0.38,31.9,74.6
2025/8/1 6:49,KMC2025080101A200,昇温,,127.2,84,0.38,32.1,74.9
2025/8/1 6:50,KMC2025080101A200,昇温,,127.4,86.1,0.38,34.4,75.3
2025/8/1 6:51,KMC2025080101A200,昇温,,127.4,88.4,0.38,31.8,74.8
2025/8/1 6:52,KMC2025080101A200,煮込み,工程切替,127.3,90.5,0.191,33,75.3
2025/8/1 6:53,KMC2025080101A200,煮込み,工程切替,127.3,92.6,-0.005,32.7,74.8
2025/8/1 6:54,KMC2025080101A200,煮込み,加熱ON,101.6,92.7,0.085,33,74.6
2025/8/1 6:55,KMC2025080101A200,煮込み,放熱OFF,90.7,92.6,0.046,33.2,74.1
2025/8/1 6:56,KMC2025080101A200,煮込み,放熱OFF,89.7,92.8,0.028,33.3,75.4
2025/8/1 6:57,KMC2025080101A200,煮込み,放熱OFF,89.8,93,0.011,33.3,75
2025/8/1 6:58,KMC2025080101A200,煮込み,放熱OFF,89.9,93,0.012,33,74.1
2025/8/1 6:59,KMC2025080101A200,煮込み,放熱OFF,90.9,93.1,0.016,33.1,74.7
2025/8/1 7:00,KMC2025080101A200,煮込み,放熱OFF,89.8,93.1,0.016,32.9,75.8
2025/8/1 7:01,KMC2025080101A200,煮込み,放熱OFF,89.1,93.1,0.012,32.7,76
2025/8/1 7:02,KMC2025080101A200,煮込み,加熱ON,102.1,92.8,0.098,32.8,75.8
2025/8/1 7:03,KMC2025080101A200,煮込み,加熱ON,101.5,92.4,0.167,32.8,74.9
2025/8/1 7:04,KMC2025080101A200,煮込み,放熱OFF,90.3,92.6,0.102,33,75.1
2025/8/1 7:05,KMC2025080101A200,煮込み,加熱ON,101.7,92.8,0.165,32.9,75.2
2025/8/1 7:06,KMC2025080101A200,煮込み,放熱OFF,90.8,92.6,0.103,33.4,74.9
2025/8/1 7:07,KMC2025080101A200,煮込み,放熱OFF,90.5,93,0.056,33,74.3
2025/8/1 7:08,KMC2025080101A200,煮込み,放熱OFF,89.9,93.2,0.032,33.1,74.8
2025/8/1 7:09,KMC2025080101A200,煮込み,放熱OFF,89.6,93.2,0.011,32.7,75.6
2025/8/1 7:10,KMC2025080101A200,煮込み,放熱OFF,89.2,93.2,0.015,32.5,74.3
2025/8/1 7:11,KMC2025080101A200,煮込み,放熱OFF,89.8,93.2,0.001,33.2,75.5
2025/8/1 7:12,KMC2025080101A200,煮込み,加熱ON,101.1,92.9,0.072,33,75.5
2025/8/1 7:13,KMC2025080101A200,煮込み,放熱OFF,89.3,92.7,0.041,33.1,75.4
2025/8/1 7:14,KMC2025080101A200,煮込み,加熱ON,101.3,92.8,0.12,33.6,74.1
2025/8/1 7:15,KMC2025080101A200,煮込み,放熱OFF,90.9,92.7,0.064,33.6,75.1
2025/8/1 7:16,KMC2025080101A200,煮込み,放熱OFF,91.2,93.1,0.036,33.5,74.9
2025/8/1 7:17,KMC2025080101A200,煮込み,放熱OFF,90,93.1,0.03,34,75.5
2025/8/1 7:18,KMC2025080101A200,煮込み,放熱OFF,91.2,93.2,0.018,33.8,75.8
2025/8/1 7:19,KMC2025080101A200,煮込み,放熱OFF,89.3,93.1,0.012,32.2,74.8
2025/8/1 7:20,KMC2025080101A200,煮込み,放熱OFF,90.5,93.1,0.017,32.1,75
2025/8/1 7:21,KMC2025080101A200,煮込み,放熱OFF,90.4,93.1,0.014,32.6,74.8
2025/8/1 7:22,KMC2025080101A200,煮込み,加熱ON,101.2,92.9,0.092,33.4,74
2025/8/1 7:23,KMC2025080101A200,煮込み,加熱ON,101.1,92.6,0.161,33.7,75.8
2025/8/1 7:24,KMC2025080101A200,煮込み,放熱OFF,89.9,92.7,0.105,33.6,75.1
2025/8/1 7:25,KMC2025080101A200,煮込み,放熱OFF,90.5,93,0.058,33.7,74.1
2025/8/1 7:26,KMC2025080101A200,煮込み,放熱OFF,89.8,92.9,0.029,33.5,74.1
2025/8/1 7:27,KMC2025080101A200,煮込み,放熱OFF,90.7,92.9,0.023,33.8,74.7
2025/8/1 7:28,KMC2025080101A200,煮込み,放熱OFF,90.4,93,0.021,33.5,75.3
2025/8/1 7:29,KMC2025080101A200,煮込み,放熱OFF,90.8,93,0.013,33.3,75.7
2025/8/1 7:30,KMC2025080101A200,煮込み,放熱OFF,90.5,93,0.002,32.3,76
2025/8/1 7:31,KMC2025080101A200,煮込み,加熱ON,101.6,92.8,0.084,31.9,74.4
2025/8/1 7:32,KMC2025080101A200,煮込み,放熱OFF,89.9,92.5,0.052,33.6,75.7
2025/8/1 7:33,KMC2025080101A200,煮込み,加熱ON,102.3,92.7,0.116,31.9,74.4
2025/8/1 7:34,KMC2025080101A200,煮込み,放熱OFF,89.3,92.4,0.066,32.2,74.2
2025/8/1 7:35,KMC2025080101A200,煮込み,加熱ON,102.2,92.8,0.139,34.5,74.6
2025/8/1 7:36,KMC2025080101A200,煮込み,放熱OFF,89.5,92.5,0.085,32.2,75.7
2025/8/1 7:37,KMC2025080101A200,煮込み,放熱OFF,90.3,92.9,0.06,33.8,74.2
2025/8/1 7:38,KMC2025080101A200,煮込み,放熱OFF,89.7,93,0.036,34.6,75.7
2025/8/1 7:39,KMC2025080101A200,煮込み,放熱OFF,90.8,93,0.031,32.7,74.9
2025/8/1 7:40,KMC2025080101A200,煮込み,放熱OFF,89.7,93,0.01,32.8,76
2025/8/1 7:41,KMC2025080101A200,煮込み,加熱ON,101.3,92.9,0.091,33.8,74.1
2025/8/1 7:42,KMC2025080101A200,煮込み,加熱ON,101.3,92.6,0.16,31.4,75.4
2025/8/1 7:43,KMC2025080101A200,煮込み,放熱OFF,89.6,92.6,0.092,33,74.1
2025/8/1 7:44,KMC2025080101A200,煮込み,加熱ON,101.8,92.9,0.148,34.6,74.4
2025/8/1 7:45,KMC2025080101A200,煮込み,放熱OFF,89.6,92.5,0.088,31.6,76
2025/8/1 7:46,KMC2025080101A200,煮込み,放熱OFF,91.3,93,0.053,33.5,75.7
2025/8/1 7:47,KMC2025080101A200,煮込み,放熱OFF,90.1,93.1,0.028,33.3,74.5
2025/8/1 7:48,KMC2025080101A200,煮込み,放熱OFF,89.3,93.2,0.02,32.7,75
2025/8/1 7:49,KMC2025080101A200,煮込み,放熱OFF,89.8,93.1,0.012,32.2,75.6
2025/8/1 7:50,KMC2025080101A200,煮込み,放熱OFF,89.7,93.2,0.001,31.5,74.8
2025/8/1 7:51,KMC2025080101A200,煮込み,放熱OFF,90.1,93.1,0.01,31.4,75.8
2025/8/1 7:52,KMC2025080101A200,煮込み,放熱OFF,89.8,92.9,-0.003,33.1,74.4
2025/8/1 7:53,KMC2025080101A200,煮込み,加熱ON,101.9,92.7,0.078,32.6,74.4
2025/8/1 7:56,KMC2025080101A200,冷却,,38.8,92.5,0.091,33,74.7
2025/8/1 7:57,KMC2025080101A200,冷却,,38.8,92.8,0.102,33.2,75.4
2025/8/1 7:58,KMC2025080101A200,冷却,,38.8,90.4,0.108,33.3,74.7
2025/8/1 7:59,KMC2025080101A200,冷却,,38.8,88,0.12,33.3,75.7
2025/8/1 8:00,KMC2025080101A200,冷却,,38.8,86,0.139,33.2,74.7
2025/8/1 8:01,KMC2025080101A200,冷却,,38.8,83.7,0.135,33.1,75.7
2025/8/1 8:02,KMC2025080101A200,冷却,,38.8,81.6,0.137,32.7,74.9
2025/8/1 8:03,KMC2025080101A200,冷却,,38.8,79.7,0.148,32.9,74.3
2025/8/1 8:04,KMC2025080101A200,冷却,,38.8,78,0.144,32.5,75.1
2025/8/1 8:05,KMC2025080101A200,冷却,,38.8,76.3,0.153,32.6,75.6
2025/8/1 8:06,KMC2025080101A200,冷却,,38.8,74.5,0.165,33.2,74.9
2025/8/1 8:07,KMC2025080101A200,冷却,,38.8,72.9,0.173,32.8,74.7
2025/8/1 8:08,KMC2025080101A200,冷却,,38.8,71.3,0.181,32.9,75.3
2025/8/1 8:09,KMC2025080101A200,冷却,,38.8,69.8,0.184,33.9,74.3
2025/8/1 8:10,KMC2025080101A200,冷却,,38.8,68.5,0.191,33.8,74.5
2025/8/1 8:11,KMC2025080101A200,冷却,,38.8,67.3,0.192,33.5,74.7
2025/8/1 8:12,KMC2025080101A200,冷却,,38.8,66,0.184,32.6,75.2
2025/8/1 8:13,KMC2025080101A200,冷却,,38.8,64.8,0.181,33.3,74.1
2025/8/1 8:14,KMC2025080101A200,冷却,,38.8,63.6,0.185,32.5,74.8
2025/8/1 8:15,KMC2025080101A200,冷却,,38.8,62.3,0.175,32.2,74.9
2025/8/1 8:16,KMC2025080101A200,冷却,,38.8,61.4,0.173,33.7,74.7
2025/8/1 8:17,KMC2025080101A200,冷却,,38.8,60.5,0.166,33.3,74.1
2025/8/1 8:18,KMC2025080101A200,冷却,,38.8,59.6,0.176,34,74.1
2025/8/1 8:19,KMC2025080101A200,冷却,,38.8,58.8,0.169,32.8,76
2025/8/1 8:20,KMC2025080101A200,冷却,,38.8,57.8,0.18,32.2,74.9
2025/8/1 8:21,KMC2025080101A200,冷却,,38.8,56.9,0.178,34.2,74.4
2025/8/1 8:22,KMC2025080101A200,冷却,,38.8,56.2,0.175,33.6,75.5
2025/8/1 8:23,KMC2025080101A200,冷却,,38.8,55.5,0.182,32.5,74.1
2025/8/1 8:24,KMC2025080101A200,冷却,,38.8,54.7,0.18,33.8,74.2
2025/8/1 8:25,KMC2025080101A200,冷却,,38.8,54.1,0.173,31.9,75.1
2025/8/1 8:26,KMC2025080101A200,冷却,,38.8,53.4,0.18,33.4,74.8
2025/8/1 8:27,KMC2025080101A200,冷却,,38.8,52.8,0.186,32.5,75.2
2025/8/1 8:28,KMC2025080101A200,冷却,,38.8,52.2,0.183,33.2,74.5
2025/8/1 8:29,KMC2025080101A200,冷却,,38.8,51.6,0.185,33.9,75.7
2025/8/1 8:30,KMC2025080101A200,冷却,,38.8,51.2,0.185,31.9,75.1
2025/8/1 8:31,KMC2025080101A200,冷却,,38.8,50.6,0.187,32.7,74.1
2025/8/1 8:32,KMC2025080101A200,冷却,,38.8,50.2,0.194,33.4,74.5
2025/8/1 8:33,KMC2025080101A200,冷却,,38.8,49.7,0.199,31.4,74.4
2025/8/1 8:34,KMC2025080101A200,冷却,,38.8,49.3,0.192,32.1,74
2025/8/1 8:35,KMC2025080101A200,冷却,,38.8,48.8,0.197,33.5,74.4
2025/8/1 8:36,KMC2025080101A200,充填移送,攪拌待機中,38.7,48.3,0,33,74.5
2025/8/1 8:37,KMC2025080101A200,充填移送,攪拌待機中,38.7,47.8,0,33.2,75
2025/8/1 8:38,KMC2025080101A200,充填移送,攪拌待機中,38.5,47.4,0,33.4,75.6
2025/8/1 8:39,KMC2025080101A200,充填移送,攪拌待機中,38.4,47.2,0,33.3,75.7
2025/8/1 8:40,KMC2025080101A200,充填移送,攪拌待機中,38.3,47,0,33.2,74
2025/8/1 8:41,KMC2025080101A200,充填移送,攪拌待機中,38.1,46.8,0,33,74.6
2025/8/1 8:42,KMC2025080101A200,充填移送,攪拌待機中,38.2,46.5,0,32.5,76
2025/8/1 8:43,KMC2025080101A200,充填移送,攪拌待機中,38.2,46.2,0,32.7,75.1
2025/8/1 8:44,KMC2025080101A200,充填移送,攪拌待機中,38.1,46,0,33,75.5
2025/8/1 8:45,KMC2025080101A200,充填移送,攪拌待機中,37.9,45.6,0,32.5,74.5
2025/8/1 8:46,KMC2025080101A200,充填移送,攪拌待機中,37.9,45.4,0,32.6,74.5
2025/8/1 8:47,KMC2025080101A200,充填移送,攪拌待機中,37.8,45.2,0,33.6,75.9
2025/8/1 8:48,KMC2025080101A200,充填移送,攪拌待機中,37.8,45,0,33.8,74.1
2025/8/1 8:49,KMC2025080101A200,充填移送,攪拌待機中,37.8,44.7,0,32.8,75.8
2025/8/1 8:50,KMC2025080101A200,充填移送,攪拌待機中,37.7,44.4,0,33.3,74.5
2025/8/1 8:51,KMC2025080101A200,充填移送,攪拌待機中,37.8,44.2,0,33.6,74.7
2025/8/1 8:52,KMC2025080101A200,充填移送,攪拌待機中,37.9,44,0,33,75.7
2025/8/1 8:53,KMC2025080101A200,充填移送,攪拌待機中,37.9,43.7,0,31.7,74.2
2025/8/1 8:54,KMC2025080101A200,充填移送,攪拌待機中,38.1,43.6,0,32.3,75.9
2025/8/1 8:55,KMC2025080101A200,充填移送,攪拌待機中,38.3,43.6,0,32.2,74.7
2025/8/1 8:56,KMC2025080101A200,充填移送,攪拌待機中,38.1,43.4,0,33.5,74.7
2025/8/1 8:57,KMC2025080101A200,充填移送,攪拌待機中,38.2,43.3,0,33.6,74.4
2025/8/1 8:58,KMC2025080101A200,充填移送,攪拌待機中,38,43,0,34.4,75.5
2025/8/1 8:59,KMC2025080101A200,充填移送,攪拌待機中,37.9,42.9,0,31.9,75.5
2025/8/1 9:00,KMC2025080101A200,充填移送,攪拌待機中,38.1,42.8,0,34,75.3
2025/8/1 9:01,KMC2025080101A200,充填移送,攪拌待機中,38.1,42.6,0,33.3,75.6
2025/8/1 9:02,KMC2025080101A200,充填移送,攪拌待機中,38,42.4,0,31.1,74.8
2025/8/1 9:03,KMC2025080101A200,充填移送,攪拌待機中,37.8,42.2,0,32.1,74.8
2025/8/1 9:04,KMC2025080101A200,充填移送,攪拌待機中,37.8,42.1,0,31.2,75.9
2025/8/1 9:05,KMC2025080101A200,充填移送,攪拌待機中,37.8,41.8,0,33.4,74.9
2025/8/1 9:06,KMC2025080101A200,洗浄,荒洗い,37.8,41.7,0,33,74.5
2025/8/1 9:07,KMC2025080101A200,洗浄,荒洗い,38.1,41.5,0,33.2,74.9
2025/8/1 9:08,KMC2025080101A200,洗浄,荒洗い,38.3,25.2,0,33.2,74.2
2025/8/1 9:09,KMC2025080101A200,洗浄,荒洗い,37.9,25.9,0,33.4,75.9
2025/8/1 9:10,KMC2025080101A200,洗浄,荒洗い,37.8,25.6,0,33.2,74.9
2025/8/1 9:11,KMC2025080101A200,洗浄,昇温,58.4,26.8,0,32.9,74
2025/8/1 9:12,KMC2025080101A200,洗浄,昇温,73.9,25.3,0.088,32.7,75.6
2025/8/1 9:13,KMC2025080101A200,洗浄,昇温,85.5,28.6,0.157,32.6,74.7
2025/8/1 9:14,KMC2025080101A200,洗浄,昇温,94.3,33.3,0.211,32.9,75.8
2025/8/1 9:15,KMC2025080101A200,洗浄,昇温,100.8,38.5,0.253,32.8,74.4
2025/8/1 9:16,KMC2025080101A200,洗浄,昇温,105.6,44.1,0.285,32.9,74.9
2025/8/1 9:17,KMC2025080101A200,洗浄,昇温,109.1,49.7,0.311,32.9,75.3
2025/8/1 9:18,KMC2025080101A200,洗浄,昇温,111.7,55.3,0.33,33.3,74.2
2025/8/1 9:19,KMC2025080101A200,洗浄,昇温,113.7,60.8,0.346,33.2,75.4
2025/8/1 9:20,KMC2025080101A200,洗浄,昇温,115.2,65.8,0.358,32.9,75.7
2025/8/1 9:21,KMC2025080101A200,洗浄,高温保持,100,70.4,0.3,33.3,75.4
2025/8/1 9:22,KMC2025080101A200,洗浄,高温保持,100.2,74.9,0.3,32.5,75.9
2025/8/1 9:23,KMC2025080101A200,洗浄,高温保持,100.4,95.1,0.3,32.7,74.6
2025/8/1 9:24,KMC2025080101A200,洗浄,高温保持,100.4,95.2,0.3,32.9,74.9
2025/8/1 9:25,KMC2025080101A200,洗浄,高温保持,100.2,95.4,0.3,32.4,74.1
2025/8/1 9:26,KMC2025080101A200,洗浄,高温保持,100,95.3,0.3,33.3,75.1
2025/8/1 9:27,KMC2025080101A200,洗浄,高温保持,99.8,95.1,0.3,33,74.6
2025/8/1 9:28,KMC2025080101A200,洗浄,高温保持,99.6,95.2,0.3,32.9,75.9
2025/8/1 9:29,KMC2025080101A200,洗浄,高温保持,99.6,95.3,0.3,33.4,75.4
2025/8/1 9:30,KMC2025080101A200,洗浄,高温保持,99.8,95.4,0.3,33.7,74.5
2025/8/1 9:31,KMC2025080101A200,洗浄,冷却,34.3,95.4,0.15,32.3,75.5
2025/8/1 9:32,KMC2025080101A200,洗浄,冷却,35.1,95.3,0.15,33.1,74.4
2025/8/1 9:33,KMC2025080101A200,洗浄,冷却,35.1,91.2,0.15,33.1,74.8
2025/8/1 9:34,KMC2025080101A200,洗浄,冷却,34.7,87.3,0.15,32.7,74.9
2025/8/1 9:35,KMC2025080101A200,洗浄,冷却,34,83.6,0.15,32,75
2025/8/1 9:36,KMC2025080101A200,洗浄,冷却,34.2,80,0.15,32.2,75.8
2025/8/1 9:37,KMC2025080101A200,洗浄,冷却,35.4,76.6,0.15,33.4,75.9
2025/8/1 9:38,KMC2025080101A200,洗浄,冷却,36.1,73.6,0.15,34.1,74.8
2025/8/1 9:39,KMC2025080101A200,洗浄,冷却,34.6,70.6,0.15,32.6,75.9
2025/8/1 9:40,KMC2025080101A200,洗浄,冷却,34.2,67.7,0.15,32.2,74.1
2025/8/1 9:41,KMC2025080101A200,洗浄,冷却,35.6,65.3,0.15,33.6,75.6
2025/8/1 9:42,KMC2025080101A200,洗浄,冷却,33.8,62.7,0.15,31.8,74.8
2025/8/1 9:43,KMC2025080101A200,洗浄,冷却,34,60.6,0.15,32,74.2
2025/8/1 9:44,KMC2025080101A200,洗浄,冷却,35.1,58.4,0.15,33.1,74.5
2025/8/1 9:45,KMC2025080101A200,洗浄,冷却,33.5,56.4,0.15,31.5,75.6
2025/8/1 9:46,KMC2025080101A200,洗浄,冷却,36.2,54.4,0.15,34.2,75.8
2025/8/1 9:47,KMC2025080101A200,洗浄,冷却,35.5,52.7,0.15,33.5,74.8
2025/8/1 9:48,KMC2025080101A200,洗浄,冷却,36.2,51.2,0.15,34.2,75.6
2025/8/1 9:49,KMC2025080101A200,洗浄,冷却,36.5,49.4,0.15,34.5,75.7
2025/8/1 9:50,KMC2025080101A200,洗浄,冷却,35.7,48.2,0.15,33.7,75.3
2025/8/1 9:51,KMC2025080101A200,洗浄,冷却,35.4,46.6,0.15,33.4,75.7
2025/8/1 9:52,KMC2025080101A200,洗浄,冷却,35.7,45.3,0.15,33.7,75.1
2025/8/1 9:53,KMC2025080101A200,洗浄,冷却,33.2,44.1,0.15,31.2,75.8
2025/8/1 9:54,KMC2025080101A200,洗浄,冷却,34.7,42.9,0.15,32.7,74.1
2025/8/1 9:55,KMC2025080101A200,洗浄,冷却,36.2,41.8,0.15,34.2,75.3
2025/8/1 9:56,KMC2025080101A200,洗浄,冷却,35.3,40.7,0.15,33.3,74.1
2025/8/1 9:57,KMC2025080101A200,洗浄,冷却,35.2,39.7,0.15,33.2,74.1
2025/8/1 9:58,KMC2025080101A200,洗浄,冷却,36.3,38.8,0.15,34.3,76
2025/8/1 9:59,KMC2025080101A200,洗浄,冷却,36,37.9,0.15,34,75.5
2025/8/1 10:00,KMC2025080101A200,洗浄,冷却,35.7,37,0.15,33.7,75.6
2025/8/1 10:01,KMC2025080101A200,洗浄,冷却,35.5,36.3,0.15,33.5,74.7
2025/8/1 10:02,KMC2025080101A200,洗浄,冷却,34.7,35.7,0.15,32.7,75.1
2025/8/1 10:03,KMC2025080101A200,洗浄,冷却,34,35.2,0.15,32,74.4
2025/8/1 10:04,KMC2025080101A200,洗浄,冷却,35.4,34.6,0.15,33.4,75.9
2025/8/1 10:05,KMC2025080101A200,洗浄,冷却,33.9,34.1,0.15,31.9,74.2
2025/9/1 6:00,KMC2025090101A200,材料仕込み,仕込み開始,28.3,33.6,-0.009,28,68.1
2025/9/1 6:01,KMC2025090101A200,材料仕込み,水投入,28.1,33,-0.009,28.2,67.4
2025/9/1 6:02,KMC2025090101A200,材料仕込み,水投入,27.9,27.3,0,28.3,69
2025/9/1 6:03,KMC2025090101A200,材料仕込み,冷凍肉投入,28.6,22.1,0,28.5,67.9
2025/9/1 6:04,KMC2025090101A200,材料仕込み,冷凍肉投入,28.3,22.1,0,28.4,67.1
2025/9/1 6:05,KMC2025090101A200,材料仕込み,冷凍肉投入,28.2,22.1,0,28.1,67.1
2025/9/1 6:06,KMC2025090101A200,材料仕込み,冷凍野菜投入,27.5,22.1,0,27.4,68.8
2025/9/1 6:07,KMC2025090101A200,材料仕込み,冷凍野菜投入,28.6,22.1,0,28.5,68.5
2025/9/1 6:08,KMC2025090101A200,材料仕込み,冷凍野菜投入,27.6,22.1,0,27.5,68.3
2025/9/1 6:09,KMC2025090101A200,材料仕込み,香辛料投入,27.5,22.1,0,27.9,68.2
2025/9/1 6:10,KMC2025090101A200,材料仕込み,香辛料投入,29,22.1,0,28.6,68.9
2025/9/1 6:11,KMC2025090101A200,材料仕込み,小麦粉投入,29,22.3,0,28.7,67.7
2025/9/1 6:12,KMC2025090101A200,材料仕込み,小麦粉投入,29.2,22.1,0,29.1,68.6
2025/9/1 6:13,KMC2025090101A200,材料仕込み,調味料投入,27.8,22.1,0,27.7,67.4
2025/9/1 6:14,KMC2025090101A200,材料仕込み,調味料投入,27.4,22.1,0,27.8,67.4
2025/9/1 6:15,KMC2025090101A200,材料仕込み,撹拌,28.9,22.1,0,28.9,68.9
2025/9/1 6:16,KMC2025090101A200,材料仕込み,撹拌,28.4,22.3,0,28.6,67.3
2025/9/1 6:17,KMC2025090101A200,材料仕込み,撹拌,27.7,22.8,0,27.4,67.5
2025/9/1 6:18,KMC2025090101A200,材料仕込み,撹拌,27.2,22.6,0,26.9,67.8
2025/9/1 6:19,KMC2025090101A200,材料仕込み,撹拌,28.7,23,0,28.5,67.6
2025/9/1 6:20,KMC2025090101A200,材料仕込み,デッドタイム,28.7,23.1,0,28.5,67.6
2025/9/1 6:21,KMC2025090101A200,材料仕込み,デッドタイム,28.7,23.2,0,28.5,67.6
2025/9/1 6:22,KMC2025090101A200,昇温,,34.9,23.2,0,28,68.2
2025/9/1 6:23,KMC2025090101A200,昇温,,36.7,23.2,0.073,28.2,68.9
2025/9/1 6:24,KMC2025090101A200,昇温,,38.5,23.1,0.132,28.2,68.2
2025/9/1 6:25,KMC2025090101A200,昇温,,40.3,25.3,0.18,28.4,67.1
2025/9/1 6:26,KMC2025090101A200,昇温,,57.5,27.8,0.22,28,68.7
2025/9/1 6:27,KMC2025090101A200,昇温,,71.3,30.1,0.253,28.4,68.5
2025/9/1 6:28,KMC2025090101A200,昇温,,82.4,31.9,0.28,27.7,68.9
2025/9/1 6:29,KMC2025090101A200,昇温,,91.2,33.9,0.301,28,67.6
2025/9/1 6:30,KMC2025090101A200,昇温,,98.2,35.8,0.319,27.3,68.7
2025/9/1 6:31,KMC2025090101A200,昇温,,103.9,37.8,0.334,27.4,67.2
2025/9/1 6:32,KMC2025090101A200,昇温,,108.4,39.9,0.346,27.9,69
2025/9/1 6:33,KMC2025090101A200,昇温,,112,42.3,0.356,27.5,68
2025/9/1 6:34,KMC2025090101A200,昇温,,114.9,44.5,0.364,27.5,68.9
2025/9/1 6:35,KMC2025090101A200,昇温,,117.3,46.7,0.37,29.1,69
2025/9/1 6:36,KMC2025090101A200,昇温,,119.1,48.9,0.376,28.6,68.1
2025/9/1 6:37,KMC2025090101A200,昇温,,120.7,51.2,0.38,29.2,68.8
2025/9/1 6:38,KMC2025090101A200,昇温,,121.9,53.4,0.38,28.5,67.3
2025/9/1 6:39,KMC2025090101A200,昇温,,122.8,55.5,0.38,27.8,67.4
2025/9/1 6:40,KMC2025090101A200,昇温,,123.5,57.2,0.38,27.5,67.6
2025/9/1 6:41,KMC2025090101A200,昇温,,124.1,59.2,0.38,26.7,67.1
2025/9/1 6:42,KMC2025090101A200,昇温,,124.5,61.5,0.38,26.5,68
2025/9/1 6:43,KMC2025090101A200,昇温,,124.9,63.2,0.38,28.9,68.1
2025/9/1 6:44,KMC2025090101A200,昇温,,125.2,65.6,0.38,27.1,67.9
2025/9/1 6:45,KMC2025090101A200,昇温,,125.5,67.9,0.38,28.8,68.4
2025/9/1 6:46,KMC2025090101A200,昇温,,125.8,70.2,0.38,29.8,67
2025/9/1 6:47,KMC2025090101A200,昇温,,126,72.5,0.38,29.2,67.4
2025/9/1 6:48,KMC2025090101A200,昇温,,126.2,74.7,0.38,29.8,67.7
2025/9/1 6:49,KMC2025090101A200,昇温,,126.2,76.8,0.38,26.5,68.9
2025/9/1 6:50,KMC2025090101A200,昇温,,126.2,78.9,0.38,27,68.9
2025/9/1 6:51,KMC2025090101A200,昇温,,126.3,80.7,0.38,28.9,67.1
2025/9/1 6:52,KMC2025090101A200,煮込み,工程切替,126.2,82.8,0.193,28,68.2
2025/9/1 6:53,KMC2025090101A200,煮込み,工程切替,126.2,84.6,-0.001,27.6,67.6
2025/9/1 6:54,KMC2025090101A200,煮込み,加熱ON,93.8,84.7,0.081,28,68
2025/9/1 6:55,KMC2025090101A200,煮込み,放熱OFF,82.3,84.6,0.039,28.1,68.1
2025/9/1 6:56,KMC2025090101A200,煮込み,放熱OFF,82.6,85,0.027,28.3,67.5
2025/9/1 6:57,KMC2025090101A200,煮込み,放熱OFF,83.3,85,0.017,28.3,67.9
2025/9/1 6:58,KMC2025090101A200,煮込み,放熱OFF,83,85.1,0.017,28.1,67.2
2025/9/1 6:59,KMC2025090101A200,煮込み,放熱OFF,83.3,85.3,0.001,27.9,67.9
2025/9/1 7:00,KMC2025090101A200,煮込み,放熱OFF,83.1,85.3,-0.006,27.9,68
2025/9/1 7:01,KMC2025090101A200,煮込み,放熱OFF,82.6,85.2,-0.013,27.6,68.6
2025/9/1 7:02,KMC2025090101A200,煮込み,放熱OFF,81.9,85,0.002,27.6,67.6
2025/9/1 7:03,KMC2025090101A200,煮込み,加熱ON,93.3,84.8,0.088,27.7,67.5
2025/9/1 7:04,KMC2025090101A200,煮込み,加熱ON,93.2,84.6,0.149,27.6,67.6
2025/9/1 7:05,KMC2025090101A200,煮込み,放熱OFF,81.6,84.7,0.088,28.1,67.5
2025/9/1 7:06,KMC2025090101A200,煮込み,加熱ON,93.5,84.9,0.157,27.9,68.6
2025/9/1 7:07,KMC2025090101A200,煮込み,放熱OFF,82.6,84.7,0.084,27.9,67.2
2025/9/1 7:08,KMC2025090101A200,煮込み,放熱OFF,83.1,85.2,0.045,28.7,69
2025/9/1 7:09,KMC2025090101A200,煮込み,放熱OFF,81.8,85.1,0.034,28.6,67.6
2025/9/1 7:10,KMC2025090101A200,煮込み,放熱OFF,83.3,85.4,0.028,28.5,67.6
2025/9/1 7:11,KMC2025090101A200,煮込み,放熱OFF,81.4,85.5,0.02,27.9,68.9
2025/9/1 7:12,KMC2025090101A200,煮込み,放熱OFF,82.8,85.3,0.022,27.7,67.4
2025/9/1 7:13,KMC2025090101A200,煮込み,放熱OFF,81.5,85.1,0.01,27.1,67.8
2025/9/1 7:14,KMC2025090101A200,煮込み,加熱ON,93.8,84.8,0.092,28.3,68.6
2025/9/1 7:15,KMC2025090101A200,煮込み,放熱OFF,81.9,84.5,0.061,27.5,68.5
2025/9/1 7:16,KMC2025090101A200,煮込み,加熱ON,94,84.8,0.124,28.7,68.9
2025/9/1 7:17,KMC2025090101A200,煮込み,放熱OFF,82.5,84.5,0.068,28.5,67.2
2025/9/1 7:18,KMC2025090101A200,煮込み,加熱ON,93.8,84.7,0.127,28.6,67.9
2025/9/1 7:19,KMC2025090101A200,煮込み,放熱OFF,82.7,84.6,0.068,27.9,67.2
2025/9/1 7:20,KMC2025090101A200,煮込み,放熱OFF,82.2,85.1,0.043,28,68.2
2025/9/1 7:21,KMC2025090101A200,煮込み,放熱OFF,82.8,85.2,0.021,28.1,68.2
2025/9/1 7:22,KMC2025090101A200,煮込み,放熱OFF,81.8,85.3,0.011,27.7,67.2
2025/9/1 7:23,KMC2025090101A200,煮込み,放熱OFF,82.2,85.3,0.012,27.7,67.7
2025/9/1 7:24,KMC2025090101A200,煮込み,放熱OFF,82.1,85,-0.002,26.9,68.1
2025/9/1 7:25,KMC2025090101A200,煮込み,加熱ON,93.8,84.7,0.087,26.7,68.7
2025/9/1 7:26,KMC2025090101A200,煮込み,加熱ON,93.4,84.5,0.152,28.1,67.1
2025/9/1 7:27,KMC2025090101A200,煮込み,放熱OFF,81,84.6,0.096,27.4,67.7
2025/9/1 7:28,KMC2025090101A200,煮込み,加熱ON,93.6,84.7,0.163,28.9,68.9
2025/9/1 7:29,KMC2025090101A200,煮込み,放熱OFF,81.4,84.7,0.104,28.3,67.9
2025/9/1 7:30,KMC2025090101A200,煮込み,放熱OFF,82.6,85.1,0.06,28.6,67.9
2025/9/1 7:31,KMC2025090101A200,煮込み,放熱OFF,82.2,85,0.035,27.3,67.3
2025/9/1 7:32,KMC2025090101A200,煮込み,放熱OFF,83.2,85.2,0.03,27.4,67.9
2025/9/1 7:33,KMC2025090101A200,煮込み,放熱OFF,81.2,85.3,0.012,28.3,68.3
2025/9/1 7:34,KMC2025090101A200,煮込み,放熱OFF,81,85.3,0.004,28.9,68.9
2025/9/1 7:35,KMC2025090101A200,煮込み,放熱OFF,80.9,85.1,0.004,28.8,68.1
2025/9/1 7:36,KMC2025090101A200,煮込み,加熱ON,93.9,84.7,0.085,28,68.3
2025/9/1 7:37,KMC2025090101A200,煮込み,放熱OFF,81.9,84.5,0.049,26.4,68.5
2025/9/1 7:38,KMC2025090101A200,煮込み,加熱ON,93.8,84.8,0.12,27,67.9
2025/9/1 7:39,KMC2025090101A200,煮込み,放熱OFF,81.2,84.5,0.07,29.4,68.3
2025/9/1 7:40,KMC2025090101A200,煮込み,放熱OFF,81.9,84.9,0.04,29.6,67.2
2025/9/1 7:41,KMC2025090101A200,煮込み,放熱OFF,82.7,84.9,0.023,29,67.2
2025/9/1 7:42,KMC2025090101A200,煮込み,放熱OFF,82,84.9,0.015,27.1,68.6
2025/9/1 7:43,KMC2025090101A200,煮込み,放熱OFF,81.1,84.9,-0.001,29.7,67.7
2025/9/1 7:44,KMC2025090101A200,煮込み,加熱ON,93.2,84.8,0.087,28.4,67.9
2025/9/1 7:45,KMC2025090101A200,煮込み,放熱OFF,81.6,84.7,0.06,29,67.7
2025/9/1 7:46,KMC2025090101A200,煮込み,加熱ON,93.1,85.1,0.12,28.6,67.8
2025/9/1 7:47,KMC2025090101A200,煮込み,放熱OFF,82.2,84.7,0.064,28.4,67.5
2025/9/1 7:48,KMC2025090101A200,煮込み,加熱ON,93.2,84.8,0.125,27.5,67.5
2025/9/1 7:49,KMC2025090101A200,煮込み,放熱OFF,81.4,84.7,0.085,27.6,67.5
2025/9/1 7:50,KMC2025090101A200,煮込み,加熱ON,94,84.8,0.151,27.3,69
2025/9/1 7:51,KMC2025090101A200,煮込み,放熱OFF,82.9,84.6,0.094,30,68.9
2025/9/1 7:52,KMC2025090101A200,煮込み,放熱OFF,82.9,85.1,0.052,27.5,67.8
2025/9/1 7:53,KMC2025090101A200,煮込み,放熱OFF,82,85.1,0.03,27.7,68.8
2025/9/1 7:54,KMC2025090101A200,煮込み,デッドタイム,82,85.2,0.03,27.7,68.8
2025/9/1 7:55,KMC2025090101A200,煮込み,デッドタイム,82,85.2,0.03,27.7,68.8
2025/9/1 7:56,KMC2025090101A200,冷却,,31.9,85.2,0.058,28,67.6
2025/9/1 7:57,KMC2025090101A200,冷却,,31.9,85.2,0.076,28.1,68.4
2025/9/1 7:58,KMC2025090101A200,冷却,,31.9,83,0.086,28.2,68.1
2025/9/1 7:59,KMC2025090101A200,冷却,,31.9,80.9,0.091,28.2,67.6
2025/9/1 8:00,KMC2025090101A200,冷却,,31.9,78.9,0.104,28.1,67.5
2025/9/1 8:01,KMC2025090101A200,冷却,,31.9,76.9,0.117,28.3,68.5
2025/9/1 8:02,KMC2025090101A200,冷却,,31.9,74.9,0.122,28.1,67.6
2025/9/1 8:03,KMC2025090101A200,冷却,,31.9,73,0.123,27.6,68.8
2025/9/1 8:04,KMC2025090101A200,冷却,,31.9,71.1,0.133,28.1,67.1
2025/9/1 8:05,KMC2025090101A200,冷却,,31.9,69.4,0.142,27.4,67.4
2025/9/1 8:06,KMC2025090101A200,冷却,,31.9,67.8,0.14,27.9,67.9
2025/9/1 8:07,KMC2025090101A200,冷却,,31.9,66.2,0.148,28.4,67.4
2025/9/1 8:08,KMC2025090101A200,冷却,,31.9,64.7,0.157,28.1,68.8
2025/9/1 8:09,KMC2025090101A200,冷却,,31.9,63.4,0.159,27.8,68.4
2025/9/1 8:10,KMC2025090101A200,冷却,,31.9,62.2,0.159,27.7,68.5
2025/9/1 8:11,KMC2025090101A200,冷却,,31.9,60.9,0.156,27.7,67.8
2025/9/1 8:12,KMC2025090101A200,冷却,,31.9,59.7,0.158,27.6,68.6
2025/9/1 8:13,KMC2025090101A200,冷却,,31.9,58.6,0.157,27.1,68.4
2025/9/1 8:14,KMC2025090101A200,冷却,,31.9,57.6,0.164,27,67.9
2025/9/1 8:15,KMC2025090101A200,冷却,,31.9,56.5,0.162,27.1,67.1
2025/9/1 8:16,KMC2025090101A200,冷却,,31.9,55.4,0.164,27.6,67.1
2025/9/1 8:17,KMC2025090101A200,冷却,,31.9,54.4,0.162,27.3,67.7
2025/9/1 8:18,KMC2025090101A200,冷却,,31.9,53.6,0.167,27.5,67.8
2025/9/1 8:19,KMC2025090101A200,冷却,,31.9,52.6,0.162,29,67.6
2025/9/1 8:20,KMC2025090101A200,冷却,,31.9,51.6,0.159,27.9,68.4
2025/9/1 8:21,KMC2025090101A200,冷却,,31.9,50.8,0.153,29.3,68.6
2025/9/1 8:22,KMC2025090101A200,冷却,,31.9,50.2,0.157,28.3,68.3
2025/9/1 8:23,KMC2025090101A200,冷却,,31.9,49.5,0.167,27.7,68.1
2025/9/1 8:24,KMC2025090101A200,冷却,,31.9,48.8,0.178,28.1,68.9
2025/9/1 8:25,KMC2025090101A200,冷却,,31.9,48.1,0.187,27.3,67.8
2025/9/1 8:26,KMC2025090101A200,冷却,,31.9,47.5,0.178,27.1,69
2025/9/1 8:27,KMC2025090101A200,冷却,,31.9,46.8,0.186,26.5,68.4
2025/9/1 8:28,KMC2025090101A200,冷却,,31.9,46.3,0.18,29,68.1
2025/9/1 8:29,KMC2025090101A200,冷却,,31.9,45.6,0.177,27,68.3
2025/9/1 8:30,KMC2025090101A200,冷却,,31.9,45,0.187,28.2,67.8
2025/9/1 8:31,KMC2025090101A200,冷却,,31.9,44.4,0.183,29.4,67.8
2025/9/1 8:32,KMC2025090101A200,冷却,,31.9,43.9,0.18,28.1,68.1
2025/9/1 8:33,KMC2025090101A200,冷却,,31.9,43.4,0.186,29.5,67.2
2025/9/1 8:34,KMC2025090101A200,冷却,,31.9,42.8,0.184,26.5,68.3
2025/9/1 8:35,KMC2025090101A200,冷却,,31.9,42.3,0.182,26.8,68.9
2025/9/1 8:36,KMC2025090101A200,充填移送,攪拌待機中,31.9,41.8,0,28,69
2025/9/1 8:37,KMC2025090101A200,充填移送,攪拌待機中,32,41.5,0,28.2,68.7
2025/9/1 8:38,KMC2025090101A200,充填移送,攪拌待機中,32.2,41.2,0,28.1,67.8
2025/9/1 8:39,KMC2025090101A200,充填移送,攪拌待機中,32.3,41.2,0,28.4,68
2025/9/1 8:40,KMC2025090101A200,充填移送,攪拌待機中,32.4,41.2,0,28.1,67.4
2025/9/1 8:41,KMC2025090101A200,充填移送,攪拌待機中,32.4,41.1,0,28.1,68.5
2025/9/1 8:42,KMC2025090101A200,充填移送,攪拌待機中,32.4,41,0,28.3,67.9
2025/9/1 8:43,KMC2025090101A200,充填移送,攪拌待機中,32.2,40.7,0,28.1,68.6
2025/9/1 8:44,KMC2025090101A200,充填移送,攪拌待機中,32.1,40.5,0,28,67.2
2025/9/1 8:45,KMC2025090101A200,充填移送,攪拌待機中,32,40.5,0,27.2,68.4
2025/9/1 8:46,KMC2025090101A200,充填移送,攪拌待機中,31.9,40.4,0,27.9,68.3
2025/9/1 8:47,KMC2025090101A200,充填移送,攪拌待機中,31.9,40.4,0,27.6,68.7
2025/9/1 8:48,KMC2025090101A200,充填移送,攪拌待機中,32,40.3,0,28.2,68.2
2025/9/1 8:49,KMC2025090101A200,充填移送,攪拌待機中,31.9,40.2,0,28.7,67.8
2025/9/1 8:50,KMC2025090101A200,充填移送,攪拌待機中,31.7,40.1,0,27.7,67.8
2025/9/1 8:51,KMC2025090101A200,充填移送,攪拌待機中,31.8,40,0,28.1,67.3
2025/9/1 8:52,KMC2025090101A200,充填移送,攪拌待機中,31.6,40,0,27.9,67.2
2025/9/1 8:53,KMC2025090101A200,充填移送,攪拌待機中,31.5,39.9,0,28.7,69
2025/9/1 8:54,KMC2025090101A200,充填移送,攪拌待機中,31.5,39.9,0,28.7,67.1
2025/9/1 8:55,KMC2025090101A200,充填移送,攪拌待機中,31.3,39.9,0,27.5,68.9
2025/9/1 8:56,KMC2025090101A200,充填移送,攪拌待機中,31.2,39.7,0,27.2,67.4
2025/9/1 8:57,KMC2025090101A200,充填移送,攪拌待機中,31.3,39.6,0,28,67.4
2025/9/1 8:58,KMC2025090101A200,充填移送,攪拌待機中,31.5,39.6,0,28.4,68.3
2025/9/1 8:59,KMC2025090101A200,充填移送,攪拌待機中,31.5,39.5,0,26.9,67
2025/9/1 9:00,KMC2025090101A200,充填移送,攪拌待機中,31.5,39.2,0,27.8,68.2
2025/9/1 9:01,KMC2025090101A200,充填移送,攪拌待機中,31.5,39.1,0,27.7,67.5
2025/9/1 9:02,KMC2025090101A200,充填移送,攪拌待機中,31.6,38.9,0,29.1,68.6
2025/9/1 9:03,KMC2025090101A200,充填移送,攪拌待機中,31.4,38.6,0,28,67.8
2025/9/1 9:04,KMC2025090101A200,充填移送,攪拌待機中,31.6,38.5,0,27.8,69
2025/9/1 9:05,KMC2025090101A200,充填移送,攪拌待機中,31.6,38.3,0,25.9,67.4
2025/9/1 9:06,KMC2025090101A200,洗浄,荒洗い,32.8,38.3,0,28,67.8
2025/9/1 9:07,KMC2025090101A200,洗浄,荒洗い,33.3,38.3,0,28.2,68.3
2025/9/1 9:08,KMC2025090101A200,洗浄,荒洗い,33.7,24,0,28.3,68.2
2025/9/1 9:09,KMC2025090101A200,洗浄,荒洗い,33.2,23.6,0,28.3,67.1
2025/9/1 9:10,KMC2025090101A200,洗浄,荒洗い,33.4,23.4,0,28.1,68.9
2025/9/1 9:11,KMC2025090101A200,洗浄,昇温,55.1,23.4,0,28.2,68.2
2025/9/1 9:12,KMC2025090101A200,洗浄,昇温,71.4,22.7,0.088,28.1,67.6
2025/9/1 9:13,KMC2025090101A200,洗浄,昇温,83.6,25.9,0.157,27.8,67.5
2025/9/1 9:14,KMC2025090101A200,洗浄,昇温,92.9,30.4,0.211,27.8,68.9
2025/9/1 9:15,KMC2025090101A200,洗浄,昇温,99.7,35.5,0.253,27.5,67.7
2025/9/1 9:16,KMC2025090101A200,洗浄,昇温,104.8,41.4,0.285,27.7,68.7
2025/9/1 9:17,KMC2025090101A200,洗浄,昇温,108.6,47.1,0.311,28.3,68.6
2025/9/1 9:18,KMC2025090101A200,洗浄,昇温,111.4,53,0.33,28.3,67.1
2025/9/1 9:19,KMC2025090101A200,洗浄,昇温,113.4,58.7,0.346,28.1,68.1
2025/9/1 9:20,KMC2025090101A200,洗浄,昇温,114.9,64.1,0.358,28.2,68.8
2025/9/1 9:21,KMC2025090101A200,洗浄,高温保持,100,69.1,0.3,28.7,67.6
2025/9/1 9:22,KMC2025090101A200,洗浄,高温保持,100.2,73.7,0.3,28.3,68.7
2025/9/1 9:23,KMC2025090101A200,洗浄,高温保持,100.4,95.3,0.3,28.2,67.3
2025/9/1 9:24,KMC2025090101A200,洗浄,高温保持,100.4,95.1,0.3,28,68.4
2025/9/1 9:25,KMC2025090101A200,洗浄,高温保持,100.3,95.3,0.3,27.8,68.9
2025/9/1 9:26,KMC2025090101A200,洗浄,高温保持,100.1,95.2,0.3,27.2,68.5
2025/9/1 9:27,KMC2025090101A200,洗浄,高温保持,99.9,95.2,0.3,28.1,67.7
2025/9/1 9:28,KMC2025090101A200,洗浄,高温保持,99.7,95.2,0.3,28.1,67.3
2025/9/1 9:29,KMC2025090101A200,洗浄,高温保持,99.6,95.4,0.3,27.4,68.1
2025/9/1 9:30,KMC2025090101A200,洗浄,高温保持,99.6,95.3,0.3,28.3,68.4
2025/9/1 9:31,KMC2025090101A200,洗浄,冷却,30.3,95.2,0.15,28.3,68.6
2025/9/1 9:32,KMC2025090101A200,洗浄,冷却,30.6,95.2,0.15,28.6,67.5
2025/9/1 9:33,KMC2025090101A200,洗浄,冷却,29.9,91,0.15,27.9,67
2025/9/1 9:34,KMC2025090101A200,洗浄,冷却,29.9,87.1,0.15,27.9,68.8
2025/9/1 9:35,KMC2025090101A200,洗浄,冷却,30.3,83.3,0.15,28.3,67.9
2025/9/1 9:36,KMC2025090101A200,洗浄,冷却,29.8,79.9,0.15,27.8,67.2
2025/9/1 9:37,KMC2025090101A200,洗浄,冷却,30.1,76.5,0.15,28.1,68.2
2025/9/1 9:38,KMC2025090101A200,洗浄,冷却,30.1,73.3,0.15,28.1,68.1
2025/9/1 9:39,KMC2025090101A200,洗浄,冷却,30.1,70.5,0.15,28.1,68.5
2025/9/1 9:40,KMC2025090101A200,洗浄,冷却,30.4,67.9,0.15,28.4,68
2025/9/1 9:41,KMC2025090101A200,洗浄,冷却,31.3,65.3,0.15,29.3,67.7
2025/9/1 9:42,KMC2025090101A200,洗浄,冷却,30.2,62.8,0.15,28.2,68.7
2025/9/1 9:43,KMC2025090101A200,洗浄,冷却,30.9,60.5,0.15,28.9,67.8
2025/9/1 9:44,KMC2025090101A200,洗浄,冷却,31.1,58.2,0.15,29.1,68.7
2025/9/1 9:45,KMC2025090101A200,洗浄,冷却,30.7,56.4,0.15,28.7,68.4
2025/9/1 9:46,KMC2025090101A200,洗浄,冷却,30.6,54.4,0.15,28.6,67.8
2025/9/1 9:47,KMC2025090101A200,洗浄,冷却,29.1,52.6,0.15,27.1,68.5
2025/9/1 9:48,KMC2025090101A200,洗浄,冷却,29.2,51,0.15,27.2,68.7
2025/9/1 9:49,KMC2025090101A200,洗浄,冷却,30.7,49.3,0.15,28.7,68.1
2025/9/1 9:50,KMC2025090101A200,洗浄,冷却,31.1,48,0.15,29.1,68.4
2025/9/1 9:51,KMC2025090101A200,洗浄,冷却,30.3,46.6,0.15,28.3,68.1
2025/9/1 9:52,KMC2025090101A200,洗浄,冷却,31,45.5,0.15,29,69
2025/9/1 9:53,KMC2025090101A200,洗浄,冷却,29.7,44.4,0.15,27.7,67
2025/9/1 9:54,KMC2025090101A200,洗浄,冷却,31.8,43.2,0.15,29.8,68.1
2025/9/1 9:55,KMC2025090101A200,洗浄,冷却,29.6,42.3,0.15,27.6,68.2
2025/9/1 9:56,KMC2025090101A200,洗浄,冷却,29.6,41.1,0.15,27.6,67.2
2025/9/1 9:57,KMC2025090101A200,洗浄,冷却,31,40.2,0.15,29,67.2
2025/9/1 9:58,KMC2025090101A200,洗浄,冷却,28.1,39.3,0.15,26.1,67.6
2025/9/1 9:59,KMC2025090101A200,洗浄,冷却,30.3,38.7,0.15,28.3,68.2
2025/9/1 10:00,KMC2025090101A200,洗浄,冷却,31.1,37.7,0.15,29.1,68.7
2025/9/1 10:01,KMC2025090101A200,洗浄,冷却,29,37,0.15,27,67.8
2025/9/1 10:02,KMC2025090101A200,洗浄,冷却,28.8,36.1,0.15,26.8,68.8
2025/9/1 10:03,KMC2025090101A200,洗浄,冷却,28.7,35.5,0.15,26.7,68.8
2025/9/1 10:04,KMC2025090101A200,洗浄,冷却,30.8,34.8,0.15,28.8,68.9
2025/9/1 10:05,KMC2025090101A200,洗浄,冷却,30.8,34.3,0.15,28.8,68.7
2025/10/1 6:00,KMC2025100101A200,材料仕込み,仕込み開始,22,33.8,0.008,22,59.5
2025/10/1 6:01,KMC2025100101A200,材料仕込み,水投入,22.4,33.4,0.008,22.1,60.4
2025/10/1 6:02,KMC2025100101A200,材料仕込み,水投入,22.5,21.5,0,22.4,59
2025/10/1 6:03,KMC2025100101A200,材料仕込み,冷凍肉投入,22.5,18.6,0,22.2,59.7
2025/10/1 6:04,KMC2025100101A200,材料仕込み,冷凍肉投入,23,18.8,0,22.7,60
2025/10/1 6:05,KMC2025100101A200,材料仕込み,冷凍肉投入,21.4,18.6,0,21.8,59.8
2025/10/1 6:06,KMC2025100101A200,材料仕込み,冷凍野菜投入,21.7,18.6,0,22.1,60.2
2025/10/1 6:07,KMC2025100101A200,材料仕込み,冷凍野菜投入,22,18.6,0,22.1,59.1
2025/10/1 6:08,KMC2025100101A200,材料仕込み,冷凍野菜投入,22.1,18.6,0,21.6,59.8
2025/10/1 6:09,KMC2025100101A200,材料仕込み,香辛料投入,22.4,18.6,0,22.1,60.6
2025/10/1 6:10,KMC2025100101A200,材料仕込み,香辛料投入,20.8,18.6,0,21.2,60.9
2025/10/1 6:11,KMC2025100101A200,材料仕込み,小麦粉投入,20.9,18.6,0,21,60.7
2025/10/1 6:12,KMC2025100101A200,材料仕込み,小麦粉投入,22.7,18.7,0,22.9,59.1
2025/10/1 6:13,KMC2025100101A200,材料仕込み,調味料投入,23.3,18.6,0,23,60.8
2025/10/1 6:14,KMC2025100101A200,材料仕込み,調味料投入,22.2,18.8,0,22.6,59.1
2025/10/1 6:15,KMC2025100101A200,材料仕込み,撹拌,24.2,18.6,0,23.8,59.1
2025/10/1 6:16,KMC2025100101A200,材料仕込み,撹拌,21.8,18.9,0,21.9,59.6
2025/10/1 6:17,KMC2025100101A200,材料仕込み,撹拌,20.9,19,0,20.9,59.1
2025/10/1 6:18,KMC2025100101A200,材料仕込み,撹拌,23.1,19.1,0,22.9,59.8
2025/10/1 6:19,KMC2025100101A200,材料仕込み,撹拌,23.3,19.4,0,23,60.7
2025/10/1 6:22,KMC2025100101A200,昇温,,29,19.2,0,22,60.4
2025/10/1 6:23,KMC2025100101A200,昇温,,30.9,19.2,0.073,22.2,59.8
2025/10/1 6:24,KMC2025100101A200,昇温,,32.8,19.1,0.132,22.2,60.5
2025/10/1 6:25,KMC2025100101A200,昇温,,34.6,21.7,0.18,22.3,60.1
2025/10/1 6:26,KMC2025100101A200,昇温,,52.7,23.9,0.22,22.2,59.2
2025/10/1 6:27,KMC2025100101A200,昇温,,67.2,26.5,0.253,22.5,59.5
2025/10/1 6:28,KMC2025100101A200,昇温,,78.8,28.5,0.28,21.7,59
2025/10/1 6:29,KMC2025100101A200,昇温,,88,30.9,0.301,21.5,60.7
2025/10/1 6:30,KMC2025100101A200,昇温,,95.4,32.7,0.319,21.5,60
2025/10/1 6:31,KMC2025100101A200,昇温,,101.4,34.8,0.334,22.2,60.9
2025/10/1 6:32,KMC2025100101A200,昇温,,106.1,37,0.346,21.2,59.2
2025/10/1 6:33,KMC2025100101A200,昇温,,109.9,39.3,0.356,21.3,60.6
2025/10/1 6:34,KMC2025100101A200,昇温,,112.9,41.5,0.364,22.4,60.6
2025/10/1 6:35,KMC2025100101A200,昇温,,115.4,43.9,0.37,22.1,60.2
2025/10/1 6:36,KMC2025100101A200,昇温,,117.3,46.5,0.376,22,59.8
2025/10/1 6:37,KMC2025100101A200,昇温,,118.9,48.8,0.38,21.9,60.8
2025/10/1 6:38,KMC2025100101A200,昇温,,120.2,51.2,0.38,22.9,60.7
2025/10/1 6:39,KMC2025100101A200,昇温,,121.1,53.6,0.38,21.1,60.3
2025/10/1 6:40,KMC2025100101A200,昇温,,121.9,55.8,0.38,21.1,60.8
2025/10/1 6:41,KMC2025100101A200,昇温,,122.5,57.8,0.38,21.9,60.4
2025/10/1 6:42,KMC2025100101A200,昇温,,123,60.1,0.38,21.8,60.4
2025/10/1 6:43,KMC2025100101A200,昇温,,123.4,62.3,0.38,21.1,60.1
2025/10/1 6:44,KMC2025100101A200,昇温,,123.8,64.3,0.38,21.9,60.7
2025/10/1 6:45,KMC2025100101A200,昇温,,124,66.6,0.38,21.1,59.3
2025/10/1 6:46,KMC2025100101A200,昇温,,124.2,68.9,0.38,22.5,59
2025/10/1 6:47,KMC2025100101A200,昇温,,124.4,71.4,0.38,20.9,59.4
2025/10/1 6:48,KMC2025100101A200,昇温,,124.5,73.8,0.38,22.4,60.6
2025/10/1 6:49,KMC2025100101A200,昇温,,124.7,76.2,0.38,22.6,60.6
2025/10/1 6:50,KMC2025100101A200,昇温,,124.8,78.4,0.38,21.6,60.6
2025/10/1 6:51,KMC2025100101A200,昇温,,124.8,80.8,0.38,21.7,59.2
2025/10/1 6:52,KMC2025100101A200,煮込み,工程切替,124.8,82.9,0.19,22,59.6
2025/10/1 6:53,KMC2025100101A200,煮込み,工程切替,125,85,0,21.8,59.8
2025/10/1 6:54,KMC2025100101A200,煮込み,放熱OFF,81.2,85,-0.003,22,60.2
2025/10/1 6:55,KMC2025100101A200,煮込み,放熱OFF,82.4,85,0,22.2,60.3
2025/10/1 6:56,KMC2025100101A200,煮込み,放熱OFF,81.2,84.9,-0.006,22.3,59.3
2025/10/1 6:57,KMC2025100101A200,煮込み,放熱OFF,82.9,84.9,0.004,22.4,60.8
2025/10/1 6:58,KMC2025100101A200,煮込み,放熱OFF,82,84.9,0.008,22.2,59.1
2025/10/1 6:59,KMC2025100101A200,煮込み,放熱OFF,81.6,85.1,0.014,22.2,59.8
2025/10/1 7:00,KMC2025100101A200,煮込み,放熱OFF,81.7,85,0.012,21.9,59.7
2025/10/1 7:01,KMC2025100101A200,煮込み,放熱OFF,82.2,85,0.015,21.8,60.6
2025/10/1 7:02,KMC2025100101A200,煮込み,放熱OFF,82.3,85,0.004,22,59.7
2025/10/1 7:03,KMC2025100101A200,煮込み,加熱ON,93.9,84.7,0.083,21.4,60.6
2025/10/1 7:04,KMC2025100101A200,煮込み,加熱ON,93.5,84.4,0.152,22,59.3
2025/10/1 7:05,KMC2025100101A200,煮込み,放熱OFF,81.8,84.6,0.098,21.8,59.2
2025/10/1 7:06,KMC2025100101A200,煮込み,加熱ON,93.8,84.8,0.153,21.9,60
2025/10/1 7:07,KMC2025100101A200,煮込み,放熱OFF,81.9,84.5,0.089,22,60
2025/10/1 7:08,KMC2025100101A200,煮込み,放熱OFF,81.9,85,0.052,22.1,59.8
2025/10/1 7:09,KMC2025100101A200,煮込み,放熱OFF,81.7,85.1,0.039,22.1,60.9
2025/10/1 7:10,KMC2025100101A200,煮込み,放熱OFF,83.3,85.1,0.024,21.9,59.9
2025/10/1 7:11,KMC2025100101A200,煮込み,放熱OFF,83.2,85.3,0.013,21.6,59.3
2025/10/1 7:12,KMC2025100101A200,煮込み,放熱OFF,83,85.5,0.003,21.6,60.3
2025/10/1 7:13,KMC2025100101A200,煮込み,放熱OFF,82.9,85.5,-0.005,22,59.3
2025/10/1 7:14,KMC2025100101A200,煮込み,放熱OFF,82.9,85.4,-0.011,21.6,60.2
2025/10/1 7:15,KMC2025100101A200,煮込み,放熱OFF,80.7,85.2,0.002,21.3,59.6
2025/10/1 7:16,KMC2025100101A200,煮込み,加熱ON,93.9,84.9,0.082,21.9,60.9
2025/10/1 7:17,KMC2025100101A200,煮込み,加熱ON,93.1,84.5,0.15,22.3,60.6
2025/10/1 7:18,KMC2025100101A200,煮込み,放熱OFF,80.9,84.7,0.094,22.5,60.8
2025/10/1 7:19,KMC2025100101A200,煮込み,加熱ON,93.8,84.9,0.16,22.2,59.1
2025/10/1 7:20,KMC2025100101A200,煮込み,放熱OFF,82.3,84.6,0.097,22.6,59.8
2025/10/1 7:21,KMC2025100101A200,煮込み,放熱OFF,81.5,85.1,0.054,21.9,59.1
2025/10/1 7:22,KMC2025100101A200,煮込み,放熱OFF,83.4,85.1,0.034,22.3,59.7
2025/10/1 7:23,KMC2025100101A200,煮込み,放熱OFF,81.6,85.1,0.019,22,59.1
2025/10/1 7:24,KMC2025100101A200,煮込み,放熱OFF,82,85.1,0.006,22.6,59.8
2025/10/1 7:25,KMC2025100101A200,煮込み,放熱OFF,81.5,85,-0.002,22.4,60.2
2025/10/1 7:26,KMC2025100101A200,煮込み,加熱ON,93.7,84.7,0.073,22.8,59.2
2025/10/1 7:27,KMC2025100101A200,煮込み,加熱ON,93.2,84.5,0.138,22,60.5
2025/10/1 7:28,KMC2025100101A200,煮込み,放熱OFF,81.4,84.6,0.087,20.7,59.4
2025/10/1 7:29,KMC2025100101A200,煮込み,加熱ON,94.2,84.8,0.155,20.9,59.5
2025/10/1 7:30,KMC2025100101A200,煮込み,加熱ON,93.5,84.4,0.206,22.4,60.7
2025/10/1 7:31,KMC2025100101A200,煮込み,放熱OFF,82.4,84.6,0.129,21.3,60.6
2025/10/1 7:32,KMC2025100101A200,煮込み,放熱OFF,82,85,0.085,22.5,60.7
2025/10/1 7:33,KMC2025100101A200,煮込み,放熱OFF,82.5,84.9,0.056,21.5,60.6
2025/10/1 7:34,KMC2025100101A200,煮込み,放熱OFF,81.7,85,0.031,23,60.4
2025/10/1 7:35,KMC2025100101A200,煮込み,放熱OFF,82.3,85.1,0.012,21.6,60.9
2025/10/1 7:36,KMC2025100101A200,煮込み,放熱OFF,81.9,85.1,0.008,21.1,59.2
2025/10/1 7:37,KMC2025100101A200,煮込み,放熱OFF,81.7,85,0.014,22.2,59.5
2025/10/1 7:38,KMC2025100101A200,煮込み,加熱ON,93.2,85,0.093,21.4,60.6
2025/10/1 7:39,KMC2025100101A200,煮込み,放熱OFF,81.1,84.6,0.05,20.6,59.2
2025/10/1 7:40,KMC2025100101A200,煮込み,加熱ON,93,84.9,0.12,22.7,60.3
2025/10/1 7:41,KMC2025100101A200,煮込み,放熱OFF,81.2,84.7,0.067,22.8,60.8
2025/10/1 7:42,KMC2025100101A200,煮込み,加熱ON,93.9,84.9,0.138,22,60.1
2025/10/1 7:43,KMC2025100101A200,煮込み,放熱OFF,81.5,84.5,0.081,23.7,59.6
2025/10/1 7:44,KMC2025100101A200,煮込み,放熱OFF,82.7,85,0.051,21.4,60
2025/10/1 7:45,KMC2025100101A200,煮込み,放熱OFF,82.2,85,0.028,22,60
2025/10/1 7:46,KMC2025100101A200,煮込み,放熱OFF,83.2,85,0.024,23.5,60.5
2025/10/1 7:47,KMC2025100101A200,煮込み,放熱OFF,82.2,85.1,0.013,21.7,59.5
2025/10/1 7:48,KMC2025100101A200,煮込み,放熱OFF,81.2,85.3,0.002,22.3,59.3
2025/10/1 7:49,KMC2025100101A200,煮込み,放熱OFF,82.3,85.2,-0.004,22.9,59.8
2025/10/1 7:50,KMC2025100101A200,煮込み,放熱OFF,82.5,85.1,-0.011,20.5,60.3
2025/10/1 7:51,KMC2025100101A200,煮込み,加熱ON,93.4,84.8,0.066,20.1,60.6
2025/10/1 7:52,KMC2025100101A200,煮込み,放熱OFF,81.6,84.6,0.042,21.3,59.4
2025/10/1 7:53,KMC2025100101A200,煮込み,加熱ON,93.5,84.8,0.105,22.2,60.9
2025/10/1 7:54,KMC2025100101A200,煮込み,デッドタイム,93.5,84.6,0.105,22.2,60.9
2025/10/1 7:56,KMC2025100101A200,冷却,,26.4,84.7,0.121,22,59.5
2025/10/1 7:57,KMC2025100101A200,冷却,,26.4,84.7,0.12,22.2,60.4
2025/10/1 7:58,KMC2025100101A200,冷却,,26.4,82.2,0.132,22.3,59.5
2025/10/1 7:59,KMC2025100101A200,冷却,,26.4,79.8,0.148,22.4,60.8
2025/10/1 8:00,KMC2025100101A200,冷却,,26.4,77.5,0.158,22.3,60.7
2025/10/1 8:01,KMC2025100101A200,冷却,,26.4,75.1,0.163,22.3,60.6
2025/10/1 8:02,KMC2025100101A200,冷却,,26.4,73.1,0.175,22,60.6
2025/10/1 8:03,KMC2025100101A200,冷却,,26.4,71.2,0.168,22.2,60.1
2025/10/1 8:04,KMC2025100101A200,冷却,,26.4,69.1,0.169,21.8,60.5
2025/10/1 8:05,KMC2025100101A200,冷却,,26.4,67.2,0.175,21.7,59.1
2025/10/1 8:06,KMC2025100101A200,冷却,,26.4,65.4,0.178,21.4,59.9
2025/10/1 8:07,KMC2025100101A200,冷却,,26.4,63.8,0.178,21.5,59.3
2025/10/1 8:08,KMC2025100101A200,冷却,,26.4,62.1,0.187,22.5,59.7
2025/10/1 8:09,KMC2025100101A200,冷却,,26.4,60.6,0.187,22.5,60.7
2025/10/1 8:10,KMC2025100101A200,冷却,,26.4,59.1,0.18,22.2,59.7
2025/10/1 8:11,KMC2025100101A200,冷却,,26.4,57.8,0.183,22.2,61
2025/10/1 8:12,KMC2025100101A200,冷却,,26.4,56.4,0.18,22.9,59.9
2025/10/1 8:13,KMC2025100101A200,冷却,,26.4,55,0.17,22.6,60.9
2025/10/1 8:14,KMC2025100101A200,冷却,,26.4,53.7,0.169,22.3,60.2
2025/10/1 8:15,KMC2025100101A200,冷却,,26.4,52.5,0.17,21.6,59.1
2025/10/1 8:16,KMC2025100101A200,冷却,,26.4,51.5,0.165,21.2,59.4
2025/10/1 8:17,KMC2025100101A200,冷却,,26.4,50.5,0.169,21.2,59.7
2025/10/1 8:18,KMC2025100101A200,冷却,,26.4,49.4,0.175,22.7,59.6
2025/10/1 8:19,KMC2025100101A200,冷却,,26.4,48.2,0.178,21.3,59.8
2025/10/1 8:20,KMC2025100101A200,冷却,,26.4,47.4,0.177,22,59.3
2025/10/1 8:21,KMC2025100101A200,冷却,,26.4,46.7,0.175,22.4,60.7
2025/10/1 8:22,KMC2025100101A200,冷却,,26.4,45.7,0.172,22.3,60.2
2025/10/1 8:23,KMC2025100101A200,冷却,,26.4,44.8,0.182,23.2,59.2
2025/10/1 8:24,KMC2025100101A200,冷却,,26.4,44,0.18,22,60.8
2025/10/1 8:25,KMC2025100101A200,冷却,,26.4,43.3,0.179,22.6,59.6
2025/10/1 8:26,KMC2025100101A200,冷却,,26.4,42.6,0.182,20.5,60.2
2025/10/1 8:27,KMC2025100101A200,冷却,,26.4,41.9,0.18,20.6,59.6
2025/10/1 8:28,KMC2025100101A200,冷却,,26.4,41.2,0.178,21.7,59.1
2025/10/1 8:29,KMC2025100101A200,冷却,,26.4,40.6,0.176,23.3,59.5
2025/10/1 8:30,KMC2025100101A200,冷却,,26.4,40.1,0.18,20.7,60.6
2025/10/1 8:31,KMC2025100101A200,冷却,,26.4,39.5,0.174,23.6,59
2025/10/1 8:32,KMC2025100101A200,冷却,,26.4,39.1,0.168,22.8,60.9
2025/10/1 8:33,KMC2025100101A200,冷却,,26.4,38.5,0.179,22.9,60.8
2025/10/1 8:34,KMC2025100101A200,冷却,,26.4,38,0.173,20.9,60.9
2025/10/1 8:35,KMC2025100101A200,冷却,,26.4,37.4,0.18,24.1,59.3
2025/10/1 8:36,KMC2025100101A200,充填移送,攪拌待機中,26.5,37.1,0,22,60.2
2025/10/1 8:37,KMC2025100101A200,充填移送,攪拌待機中,26.3,36.8,0,22.1,59.5
2025/10/1 8:38,KMC2025100101A200,充填移送,攪拌待機中,26.3,36.7,0,22.3,59.3
2025/10/1 8:39,KMC2025100101A200,充填移送,攪拌待機中,26.3,36.8,0,22.3,60.7
2025/10/1 8:40,KMC2025100101A200,充填移送,攪拌待機中,26.3,36.6,0,22.2,59.6
2025/10/1 8:41,KMC2025100101A200,充填移送,攪拌待機中,26.2,36.5,0,21.9,59.5
2025/10/1 8:42,KMC2025100101A200,充填移送,攪拌待機中,26.2,36.6,0,22.1,59.9
2025/10/1 8:43,KMC2025100101A200,充填移送,攪拌待機中,26.2,36.5,0,21.5,60.2
2025/10/1 8:44,KMC2025100101A200,充填移送,攪拌待機中,26.1,36.6,0,21.6,59.2
2025/10/1 8:45,KMC2025100101A200,充填移送,攪拌待機中,26,36.6,0,21.9,59.7
2025/10/1 8:46,KMC2025100101A200,充填移送,攪拌待機中,26,36.6,0,21.7,59.8
2025/10/1 8:47,KMC2025100101A200,充填移送,攪拌待機中,26,36.7,0,22.3,59.6
2025/10/1 8:48,KMC2025100101A200,充填移送,攪拌待機中,25.9,36.6,0,22,59.9
2025/10/1 8:49,KMC2025100101A200,充填移送,攪拌待機中,25.8,36.6,0,22,59.1
2025/10/1 8:50,KMC2025100101A200,充填移送,攪拌待機中,25.7,36.5,0,22.6,59.4
2025/10/1 8:51,KMC2025100101A200,充填移送,攪拌待機中,25.8,36.5,0,22,60.6
2025/10/1 8:52,KMC2025100101A200,充填移送,攪拌待機中,25.8,36.4,0,21.4,59.3
2025/10/1 8:53,KMC2025100101A200,充填移送,攪拌待機中,25.8,36.3,0,23.3,60.6
2025/10/1 8:54,KMC2025100101A200,充填移送,攪拌待機中,25.7,36.4,0,22.5,59.8
2025/10/1 8:55,KMC2025100101A200,充填移送,攪拌待機中,25.6,36.4,0,21.8,60.4
2025/10/1 8:56,KMC2025100101A200,充填移送,攪拌待機中,25.7,36.3,0,20.5,60
2025/10/1 8:57,KMC2025100101A200,充填移送,攪拌待機中,25.8,36.4,0,20.9,59.9
2025/10/1 8:58,KMC2025100101A200,充填移送,攪拌待機中,25.9,36.3,0,21,59.7
2025/10/1 8:59,KMC2025100101A200,充填移送,攪拌待機中,26,36.2,0,21.4,60.7
2025/10/1 9:00,KMC2025100101A200,充填移送,攪拌待機中,25.9,36.2,0,21.3,59.3
2025/10/1 9:01,KMC2025100101A200,充填移送,攪拌待機中,25.8,36.2,0,22.6,59.5
2025/10/1 9:02,KMC2025100101A200,充填移送,攪拌待機中,25.6,36.2,0,21.8,60.1
2025/10/1 9:03,KMC2025100101A200,充填移送,攪拌待機中,25.7,36.3,0,21.9,59.3
2025/10/1 9:04,KMC2025100101A200,充填移送,攪拌待機中,25.5,36.2,0,21.8,59.6
2025/10/1 9:05,KMC2025100101A200,充填移送,攪拌待機中,25.5,36.3,0,22.3,60.4
2025/10/1 9:06,KMC2025100101A200,洗浄,荒洗い,27.1,36.1,0,22,59.7
2025/10/1 9:07,KMC2025100101A200,洗浄,荒洗い,26.9,36,0,22.2,60.8
2025/10/1 9:08,KMC2025100101A200,洗浄,荒洗い,27.1,19.3,0,22.3,60.8
2025/10/1 9:09,KMC2025100101A200,洗浄,荒洗い,26.9,18,0,22.3,59.3
2025/10/1 9:10,KMC2025100101A200,洗浄,荒洗い,27.3,18.8,0,22.2,60.3
2025/10/1 9:11,KMC2025100101A200,洗浄,昇温,50.5,19,0,22.1,59.9
2025/10/1 9:12,KMC2025100101A200,洗浄,昇温,67.9,18.5,0.088,22,60.6
2025/10/1 9:13,KMC2025100101A200,洗浄,昇温,81,21.8,0.157,22,60.7
2025/10/1 9:14,KMC2025100101A200,洗浄,昇温,90.9,26.4,0.211,21.9,60.3
2025/10/1 9:15,KMC2025100101A200,洗浄,昇温,98.3,31.8,0.253,21.5,59.8
2025/10/1 9:16,KMC2025100101A200,洗浄,昇温,103.8,37.6,0.285,21.6,59.9
2025/10/1 9:17,KMC2025100101A200,洗浄,昇温,107.8,43.7,0.311,21.5,59.1
2025/10/1 9:18,KMC2025100101A200,洗浄,昇温,110.8,49.9,0.33,22.2,60.7
2025/10/1 9:19,KMC2025100101A200,洗浄,昇温,113,55.5,0.346,21.8,60.4
2025/10/1 9:20,KMC2025100101A200,洗浄,昇温,114.6,61.2,0.358,22.3,60.1
2025/10/1 9:21,KMC2025100101A200,洗浄,高温保持,100,66.5,0.3,22.3,60.2
2025/10/1 9:22,KMC2025100101A200,洗浄,高温保持,100.2,71.5,0.3,22.6,60.4
2025/10/1 9:23,KMC2025100101A200,洗浄,高温保持,100.3,95.1,0.3,22.1,60
2025/10/1 9:24,KMC2025100101A200,洗浄,高温保持,100.4,95.3,0.3,22,60.1
2025/10/1 9:25,KMC2025100101A200,洗浄,高温保持,100.3,95.4,0.3,22.1,59.9
2025/10/1 9:26,KMC2025100101A200,洗浄,高温保持,100.2,95.5,0.3,22.3,60.2
2025/10/1 9:27,KMC2025100101A200,洗浄,高温保持,100,95.4,0.3,21.5,59.7
2025/10/1 9:28,KMC2025100101A200,洗浄,高温保持,99.8,95.4,0.3,22.3,60.1
2025/10/1 9:29,KMC2025100101A200,洗浄,高温保持,99.7,95.6,0.3,22.3,59.9
2025/10/1 9:30,KMC2025100101A200,洗浄,高温保持,99.6,95.7,0.3,21.7,59.3
2025/10/1 9:31,KMC2025100101A200,洗浄,冷却,24.6,95.5,0.15,22.6,59.1
2025/10/1 9:32,KMC2025100101A200,洗浄,冷却,24.8,95.5,0.15,22.8,59.7
2025/10/1 9:33,KMC2025100101A200,洗浄,冷却,24.3,91.2,0.15,22.3,60.2
2025/10/1 9:34,KMC2025100101A200,洗浄,冷却,25.2,87.2,0.15,23.2,60.4
2025/10/1 9:35,KMC2025100101A200,洗浄,冷却,23.4,83.4,0.15,21.4,60.8
2025/10/1 9:36,KMC2025100101A200,洗浄,冷却,24.1,80,0.15,22.1,61
2025/10/1 9:37,KMC2025100101A200,洗浄,冷却,24.3,76.7,0.15,22.3,60.2
2025/10/1 9:38,KMC2025100101A200,洗浄,冷却,23.7,73.5,0.15,21.7,59
2025/10/1 9:39,KMC2025100101A200,洗浄,冷却,23,70.6,0.15,21,60.3
2025/10/1 9:40,KMC2025100101A200,洗浄,冷却,24.5,67.9,0.15,22.5,60.6
2025/10/1 9:41,KMC2025100101A200,洗浄,冷却,23.8,65.1,0.15,21.8,60.2
2025/10/1 9:42,KMC2025100101A200,洗浄,冷却,24.3,62.6,0.15,22.3,59.7
2025/10/1 9:43,KMC2025100101A200,洗浄,冷却,24.7,60.2,0.15,22.7,60.3
2025/10/1 9:44,KMC2025100101A200,洗浄,冷却,25.1,58.1,0.15,23.1,59
2025/10/1 9:45,KMC2025100101A200,洗浄,冷却,23.2,56.2,0.15,21.2,59.3
2025/10/1 9:46,KMC2025100101A200,洗浄,冷却,23.4,54.3,0.15,21.4,59
2025/10/1 9:47,KMC2025100101A200,洗浄,冷却,22.9,52.6,0.15,20.9,60.4
2025/10/1 9:48,KMC2025100101A200,洗浄,冷却,23.8,50.8,0.15,21.8,60.5
2025/10/1 9:49,KMC2025100101A200,洗浄,冷却,23.6,49.2,0.15,21.6,60.4
2025/10/1 9:50,KMC2025100101A200,洗浄,冷却,24.4,48,0.15,22.4,60.1
2025/10/1 9:51,KMC2025100101A200,洗浄,冷却,24.5,46.5,0.15,22.5,60.5
2025/10/1 9:52,KMC2025100101A200,洗浄,冷却,24.8,45.4,0.15,22.8,60.3
2025/10/1 9:53,KMC2025100101A200,洗浄,冷却,23,44,0.15,21,60.5
2025/10/1 9:54,KMC2025100101A200,洗浄,冷却,24.5,42.7,0.15,22.5,60.2
2025/10/1 9:55,KMC2025100101A200,洗浄,冷却,25.5,41.6,0.15,23.5,60
2025/10/1 9:56,KMC2025100101A200,洗浄,冷却,23.1,40.7,0.15,21.1,59.1
2025/10/1 9:57,KMC2025100101A200,洗浄,冷却,23.8,39.9,0.15,21.8,59.5
2025/10/1 9:58,KMC2025100101A200,洗浄,冷却,23.9,38.9,0.15,21.9,60.2
2025/10/1 9:59,KMC2025100101A200,洗浄,冷却,23.5,38.2,0.15,21.5,59.9
2025/10/1 10:00,KMC2025100101A200,洗浄,冷却,25.2,37.2,0.15,23.2,59.5
2025/10/1 10:01,KMC2025100101A200,洗浄,冷却,22.5,36.4,0.15,20.5,60.2
2025/10/1 10:02,KMC2025100101A200,洗浄,冷却,25.4,35.7,0.15,23.4,60
2025/10/1 10:03,KMC2025100101A200,洗浄,冷却,23.2,35.2,0.15,21.2,60.9
2025/10/1 10:04,KMC2025100101A200,洗浄,冷却,23.2,34.5,0.15,21.2,60.4
2025/10/1 10:05,KMC2025100101A200,洗浄,冷却,25.3,34,0.15,23.3,59.4
2025/11/3 6:00,KMC2025110301A200,材料仕込み,仕込み開始,15.4,33.7,0.008,15,55.6
2025/11/3 6:01,KMC2025110301A200,材料仕込み,水投入,15.3,33.3,-0.001,15.1,54.4
2025/11/3 6:02,KMC2025110301A200,材料仕込み,水投入,15.1,15.8,0,15.1,55.1
2025/11/3 6:03,KMC2025110301A200,材料仕込み,冷凍肉投入,15.4,12.3,0,15.2,55.8
2025/11/3 6:04,KMC2025110301A200,材料仕込み,冷凍肉投入,15.2,12.7,0,15.6,55.3
2025/11/3 6:05,KMC2025110301A200,材料仕込み,冷凍肉投入,15.4,12.3,0,15,54.5
2025/11/3 6:06,KMC2025110301A200,材料仕込み,冷凍野菜投入,14.3,12.3,0,14.5,54.6
2025/11/3 6:07,KMC2025110301A200,材料仕込み,冷凍野菜投入,14.8,12.3,0,14.6,55.4
2025/11/3 6:08,KMC2025110301A200,材料仕込み,冷凍野菜投入,15.2,12.3,0,14.9,54.9
2025/11/3 6:09,KMC2025110301A200,材料仕込み,香辛料投入,14.8,12.3,0,14.8,54.8
2025/11/3 6:10,KMC2025110301A200,材料仕込み,香辛料投入,14.4,12.3,0,14.6,55.3
2025/11/3 6:11,KMC2025110301A200,材料仕込み,小麦粉投入,15.1,12.4,0,14.8,54.4
2025/11/3 6:12,KMC2025110301A200,材料仕込み,小麦粉投入,16.1,12.5,0,15.6,54.7
2025/11/3 6:13,KMC2025110301A200,材料仕込み,調味料投入,16.2,12.5,0,16.1,55.7
2025/11/3 6:14,KMC2025110301A200,材料仕込み,調味料投入,13.5,12.3,0,13.8,54.5
2025/11/3 6:15,KMC2025110301A200,材料仕込み,撹拌,15.1,12.3,0,15.5,54.5
2025/11/3 6:16,KMC2025110301A200,材料仕込み,撹拌,16,12.4,0,15.8,54.2
2025/11/3 6:17,KMC2025110301A200,材料仕込み,撹拌,15.8,12.3,0,16.2,54.6
2025/11/3 6:18,KMC2025110301A200,材料仕込み,撹拌,14.2,12.4,0,14.4,55.3
2025/11/3 6:19,KMC2025110301A200,材料仕込み,撹拌,14.9,12.7,0,14.7,54.8
2025/11/3 6:20,KMC2025110301A200,材料仕込み,デッドタイム,14.9,13,0,14.7,54.8
2025/11/3 6:21,KMC2025110301A200,材料仕込み,デッドタイム,14.9,12.6,0,14.7,54.8
2025/11/3 6:22,KMC2025110301A200,昇温,,22.1,12.6,0,15,54.3
2025/11/3 6:23,KMC2025110301A200,昇温,,24.1,12.6,0.073,15.2,54.4
2025/11/3 6:24,KMC2025110301A200,昇温,,26.1,12.6,0.132,15.2,55.9
2025/11/3 6:25,KMC2025110301A200,昇温,,28,15.3,0.18,15.4,55.7
2025/11/3 6:26,KMC2025110301A200,昇温,,47.1,17.8,0.22,15.4,55.3
2025/11/3 6:27,KMC2025110301A200,昇温,,62.4,20.3,0.253,15.1,55.7
2025/11/3 6:28,KMC2025110301A200,昇温,,74.6,22.9,0.28,15,55.6
2025/11/3 6:29,KMC2025110301A200,昇温,,84.4,25.2,0.301,15.1,54.2
2025/11/3 6:30,KMC2025110301A200,昇温,,92.2,27.5,0.319,14.8,54.4
2025/11/3 6:31,KMC2025110301A200,昇温,,98.4,29.9,0.334,14.2,55.4
2025/11/3 6:32,KMC2025110301A200,昇温,,103.4,32.5,0.346,14.5,55.3
2025/11/3 6:33,KMC2025110301A200,昇温,,107.4,34.9,0.356,14.3,54.9
2025/11/3 6:34,KMC2025110301A200,昇温,,110.6,37.3,0.364,15.5,54.9
2025/11/3 6:35,KMC2025110301A200,昇温,,113.2,39.7,0.37,15.2,54.2
2025/11/3 6:36,KMC2025110301A200,昇温,,115.3,42.5,0.376,14.9,54.2
2025/11/3 6:37,KMC2025110301A200,昇温,,116.9,45.1,0.38,15.2,55.8
2025/11/3 6:38,KMC2025110301A200,昇温,,118.3,47.7,0.38,16.3,54.4
2025/11/3 6:39,KMC2025110301A200,昇温,,119.3,50.3,0.38,14.5,55.3
2025/11/3 6:40,KMC2025110301A200,昇温,,120.2,52.9,0.38,14.9,55.9
2025/11/3 6:41,KMC2025110301A200,昇温,,120.9,55.2,0.38,16,55.1
2025/11/3 6:42,KMC2025110301A200,昇温,,121.4,57.6,0.38,16.1,54.7
2025/11/3 6:43,KMC2025110301A200,昇温,,121.9,60.2,0.38,16,55.4
2025/11/3 6:44,KMC2025110301A200,昇温,,122.3,62.4,0.38,15.7,54.1
2025/11/3 6:45,KMC2025110301A200,昇温,,122.5,65,0.38,14.6,55.7
2025/11/3 6:46,KMC2025110301A200,昇温,,122.6,67.2,0.38,13.9,55.6
2025/11/3 6:47,KMC2025110301A200,昇温,,122.7,69.9,0.38,13.3,55
2025/11/3 6:48,KMC2025110301A200,昇温,,122.9,72.1,0.38,16.2,55.8
2025/11/3 6:49,KMC2025110301A200,昇温,,123,74.9,0.38,14.2,54.9
2025/11/3 6:50,KMC2025110301A200,昇温,,123.1,77.4,0.38,14.6,55.8
2025/11/3 6:51,KMC2025110301A200,昇温,,123.2,80,0.38,15.8,55.8
2025/11/3 6:52,KMC2025110301A200,煮込み,工程切替,123.3,82.6,0.197,15,55.1
2025/11/3 6:53,KMC2025110301A200,煮込み,工程切替,123.1,85.4,0.008,14.5,54.7
2025/11/3 6:54,KMC2025110301A200,煮込み,放熱OFF,81.7,85.5,0.002,15,54.1
2025/11/3 6:55,KMC2025110301A200,煮込み,放熱OFF,83.2,85.4,-0.001,15.1,55.3
2025/11/3 6:56,KMC2025110301A200,煮込み,放熱OFF,81.8,85.1,0.007,15.3,55.1
2025/11/3 6:57,KMC2025110301A200,煮込み,放熱OFF,82.5,85.2,0.011,15.2,54.6
2025/11/3 6:58,KMC2025110301A200,煮込み,放熱OFF,83.4,85.2,0.008,15.3,54.5
2025/11/3 6:59,KMC2025110301A200,煮込み,放熱OFF,82.6,85.2,0.007,15.1,55.4
2025/11/3 7:00,KMC2025110301A200,煮込み,放熱OFF,82.5,85.2,-0.003,15.3,54.3
2025/11/3 7:01,KMC2025110301A200,煮込み,放熱OFF,82.4,85.3,-0.007,14.8,55.7
2025/11/3 7:02,KMC2025110301A200,煮込み,放熱OFF,81.9,85.2,-0.011,14.6,55.8
2025/11/3 7:03,KMC2025110301A200,煮込み,加熱ON,93.7,84.9,0.065,14.8,55.7
2025/11/3 7:04,KMC2025110301A200,煮込み,加熱ON,93.3,84.5,0.123,15,54.4
2025/11/3 7:05,KMC2025110301A200,煮込み,放熱OFF,82.3,84.6,0.078,15,55.8
2025/11/3 7:06,KMC2025110301A200,煮込み,放熱OFF,81.6,84.9,0.038,14.5,55.2
2025/11/3 7:07,KMC2025110301A200,煮込み,加熱ON,94.1,84.7,0.106,14.9,54.6
2025/11/3 7:08,KMC2025110301A200,煮込み,放熱OFF,82.1,84.5,0.071,15,55
2025/11/3 7:09,KMC2025110301A200,煮込み,放熱OFF,82.7,84.8,0.038,14.8,54.9
2025/11/3 7:10,KMC2025110301A200,煮込み,放熱OFF,83.2,84.9,0.028,15.7,55.4
2025/11/3 7:11,KMC2025110301A200,煮込み,放熱OFF,81.7,85,0.02,15.5,55.7
2025/11/3 7:12,KMC2025110301A200,煮込み,放熱OFF,82.2,85,0.013,14.9,56
2025/11/3 7:13,KMC2025110301A200,煮込み,放熱OFF,82.1,85.1,0.007,14.9,54.4
2025/11/3 7:14,KMC2025110301A200,煮込み,放熱OFF,81.7,85.2,0.003,14.4,54.5
2025/11/3 7:15,KMC2025110301A200,煮込み,放熱OFF,81.2,85.2,0.003,15.1,54.4
2025/11/3 7:16,KMC2025110301A200,煮込み,放熱OFF,81.3,85.1,-0.006,14,54.1
2025/11/3 7:17,KMC2025110301A200,煮込み,加熱ON,94.2,84.8,0.073,14,55.6
2025/11/3 7:18,KMC2025110301A200,煮込み,加熱ON,93.1,84.4,0.144,15,54.9
2025/11/3 7:19,KMC2025110301A200,煮込み,加熱ON,93.1,84.7,0.195,15.5,55.6
2025/11/3 7:20,KMC2025110301A200,煮込み,放熱OFF,81.1,84.7,0.11,15.1,54.9
2025/11/3 7:21,KMC2025110301A200,煮込み,放熱OFF,82.4,85,0.064,14.3,54.3
2025/11/3 7:22,KMC2025110301A200,煮込み,放熱OFF,82.8,84.9,0.046,14.7,55.6
2025/11/3 7:23,KMC2025110301A200,煮込み,放熱OFF,81.7,85,0.034,15.8,54.7
2025/11/3 7:24,KMC2025110301A200,煮込み,放熱OFF,82.8,85.1,0.02,16.1,55.7
2025/11/3 7:25,KMC2025110301A200,煮込み,放熱OFF,82.5,85.3,0.016,14.7,55.9
2025/11/3 7:26,KMC2025110301A200,煮込み,放熱OFF,82.4,85.5,0.008,14.2,54.2
2025/11/3 7:27,KMC2025110301A200,煮込み,放熱OFF,82.8,85.4,0.004,15.1,55.8
2025/11/3 7:28,KMC2025110301A200,煮込み,放熱OFF,80.8,85.3,0.005,15.9,54.8
2025/11/3 7:29,KMC2025110301A200,煮込み,放熱OFF,82.3,85,0.01,14.7,54.9
2025/11/3 7:30,KMC2025110301A200,煮込み,加熱ON,94.1,84.8,0.078,15.7,54.9
2025/11/3 7:31,KMC2025110301A200,煮込み,放熱OFF,80.5,84.4,0.037,14.2,55.1
2025/11/3 7:32,KMC2025110301A200,煮込み,加熱ON,94.5,84.7,0.117,15.7,54.4
2025/11/3 7:33,KMC2025110301A200,煮込み,加熱ON,93.2,84.3,0.175,14.2,54.7
2025/11/3 7:34,KMC2025110301A200,煮込み,放熱OFF,82.2,84.7,0.097,15.3,55.5
2025/11/3 7:35,KMC2025110301A200,煮込み,放熱OFF,81.6,85,0.063,14.2,54.4
2025/11/3 7:36,KMC2025110301A200,煮込み,放熱OFF,81.4,85.1,0.044,16.5,54.2
2025/11/3 7:37,KMC2025110301A200,煮込み,放熱OFF,81.9,85,0.024,14.4,54.5
2025/11/3 7:38,KMC2025110301A200,煮込み,放熱OFF,82.4,85,0.018,14.9,55.3
2025/11/3 7:39,KMC2025110301A200,煮込み,放熱OFF,83.3,85.1,0.012,14.1,55.6
2025/11/3 7:40,KMC2025110301A200,煮込み,放熱OFF,81.2,85.2,-0.003,14.6,54.6
2025/11/3 7:41,KMC2025110301A200,煮込み,放熱OFF,81.7,85.2,0.006,15.9,54.2
2025/11/3 7:42,KMC2025110301A200,煮込み,放熱OFF,81.7,85,-0.002,14.4,54.7
2025/11/3 7:43,KMC2025110301A200,煮込み,加熱ON,93.4,84.7,0.07,16.2,55.5
2025/11/3 7:44,KMC2025110301A200,煮込み,放熱OFF,80.8,84.6,0.044,13.2,55.4
2025/11/3 7:45,KMC2025110301A200,煮込み,加熱ON,93.4,84.9,0.108,13.3,54.2
2025/11/3 7:46,KMC2025110301A200,煮込み,放熱OFF,82.6,84.6,0.058,14.9,54.9
2025/11/3 7:47,KMC2025110301A200,煮込み,放熱OFF,82.5,84.9,0.04,16.7,55
2025/11/3 7:48,KMC2025110301A200,煮込み,放熱OFF,81.5,84.8,0.024,15.6,55.7
2025/11/3 7:49,KMC2025110301A200,煮込み,放熱OFF,81.7,84.9,0.019,16.9,55.2
2025/11/3 7:50,KMC2025110301A200,煮込み,放熱OFF,82.5,85,0.006,14.5,55.5
2025/11/3 7:51,KMC2025110301A200,煮込み,放熱OFF,82.4,85,0.009,16.8,54.1
2025/11/3 7:52,KMC2025110301A200,煮込み,放熱OFF,82.2,85,-0.003,16.3,54.1
2025/11/3 7:53,KMC2025110301A200,煮込み,放熱OFF,81.4,85.1,0.002,15.9,54.4
2025/11/3 7:56,KMC2025110301A200,冷却,,19.8,85.2,0.02,15,54.6
2025/11/3 7:57,KMC2025110301A200,冷却,,19.8,84.9,0.034,15.1,55.6
2025/11/3 7:58,KMC2025110301A200,冷却,,19.8,82.1,0.063,15.2,54.3
2025/11/3 7:59,KMC2025110301A200,冷却,,19.8,79.5,0.087,15.4,54.5
2025/11/3 8:00,KMC2025110301A200,冷却,,19.8,77,0.104,15.4,54.4
2025/11/3 8:01,KMC2025110301A200,冷却,,19.8,74.6,0.117,15.1,55.4
2025/11/3 8:02,KMC2025110301A200,冷却,,19.8,72.2,0.118,15.2,55.8
2025/11/3 8:03,KMC2025110301A200,冷却,,19.8,69.8,0.133,15.1,55.7
2025/11/3 8:04,KMC2025110301A200,冷却,,19.8,67.6,0.149,14.7,56
2025/11/3 8:05,KMC2025110301A200,冷却,,19.8,65.3,0.145,14.3,54
2025/11/3 8:06,KMC2025110301A200,冷却,,19.8,63.2,0.156,14.3,54.2
2025/11/3 8:07,KMC2025110301A200,冷却,,19.8,61.2,0.165,15.1,54
2025/11/3 8:08,KMC2025110301A200,冷却,,19.8,59.3,0.167,14.7,54.9
2025/11/3 8:09,KMC2025110301A200,冷却,,19.8,57.4,0.168,15.5,55.2
2025/11/3 8:10,KMC2025110301A200,冷却,,19.8,55.9,0.179,14.6,55.1
2025/11/3 8:11,KMC2025110301A200,冷却,,19.8,54.2,0.174,15,55.9
2025/11/3 8:12,KMC2025110301A200,冷却,,19.8,52.6,0.165,14.6,54.9
2025/11/3 8:13,KMC2025110301A200,冷却,,19.8,51.2,0.163,15.3,55.6
2025/11/3 8:14,KMC2025110301A200,冷却,,19.8,49.7,0.169,16,55.2
2025/11/3 8:15,KMC2025110301A200,冷却,,19.8,48.5,0.174,16,55.4
2025/11/3 8:16,KMC2025110301A200,冷却,,19.8,47.3,0.178,14,55.2
2025/11/3 8:17,KMC2025110301A200,冷却,,19.8,46,0.18,15.7,55.9
2025/11/3 8:18,KMC2025110301A200,冷却,,19.8,44.8,0.183,14.8,54.6
2025/11/3 8:19,KMC2025110301A200,冷却,,19.8,43.6,0.175,15.6,55.4
2025/11/3 8:20,KMC2025110301A200,冷却,,19.8,42.5,0.177,13.7,54.9
2025/11/3 8:21,KMC2025110301A200,冷却,,19.8,41.5,0.173,15.8,55.2
2025/11/3 8:22,KMC2025110301A200,冷却,,19.8,40.6,0.17,16.3,55
2025/11/3 8:23,KMC2025110301A200,冷却,,19.8,39.6,0.175,14.3,54.4
2025/11/3 8:24,KMC2025110301A200,冷却,,19.8,38.6,0.173,15,55.6
2025/11/3 8:25,KMC2025110301A200,冷却,,19.8,37.9,0.183,15.8,55.3
2025/11/3 8:26,KMC2025110301A200,冷却,,19.8,37.1,0.183,16.6,54.1
2025/11/3 8:27,KMC2025110301A200,冷却,,19.8,36.5,0.177,15.7,54.8
2025/11/3 8:28,KMC2025110301A200,冷却,,19.8,35.7,0.18,14,55
2025/11/3 8:29,KMC2025110301A200,冷却,,19.8,35,0.179,15.5,54.1
2025/11/3 8:30,KMC2025110301A200,冷却,,19.8,34.4,0.189,14.7,54.9
2025/11/3 8:31,KMC2025110301A200,冷却,,19.8,33.7,0.196,14.6,55.3
2025/11/3 8:32,KMC2025110301A200,冷却,,19.8,33.2,0.199,14.3,55.3
2025/11/3 8:33,KMC2025110301A200,冷却,,19.8,32.5,0.206,14.2,54.7
2025/11/3 8:34,KMC2025110301A200,冷却,,19.8,31.9,0.202,15,55.2
2025/11/3 8:35,KMC2025110301A200,冷却,,19.8,31.4,0.206,16.2,54.8
2025/11/3 8:36,KMC2025110301A200,充填移送,攪拌待機中,20,30.9,0,15,54.3
2025/11/3 8:37,KMC2025110301A200,充填移送,攪拌待機中,20.1,30.3,0,15.2,55.8
2025/11/3 8:38,KMC2025110301A200,充填移送,攪拌待機中,20.2,30.3,0,15.2,55.6
2025/11/3 8:39,KMC2025110301A200,充填移送,攪拌待機中,20.2,30.5,0,15.4,54.1
2025/11/3 8:40,KMC2025110301A200,充填移送,攪拌待機中,20.3,30.6,0,15.3,55.9
2025/11/3 8:41,KMC2025110301A200,充填移送,攪拌待機中,20.1,30.7,0,15.3,54.1
2025/11/3 8:42,KMC2025110301A200,充填移送,攪拌待機中,20.3,30.7,0,15,54.8
2025/11/3 8:43,KMC2025110301A200,充填移送,攪拌待機中,20.2,30.6,0,15.2,54.4
2025/11/3 8:44,KMC2025110301A200,充填移送,攪拌待機中,20.1,30.9,0,15,54.2
2025/11/3 8:45,KMC2025110301A200,充填移送,攪拌待機中,20.2,30.8,0,14.8,54.6
2025/11/3 8:46,KMC2025110301A200,充填移送,攪拌待機中,20,30.8,0,14.9,54.6
2025/11/3 8:47,KMC2025110301A200,充填移送,攪拌待機中,20.1,30.8,0,15.2,55.5
2025/11/3 8:48,KMC2025110301A200,充填移送,攪拌待機中,20,30.9,0,14.2,54.2
2025/11/3 8:49,KMC2025110301A200,充填移送,攪拌待機中,19.8,30.9,0,14.2,55.8
2025/11/3 8:50,KMC2025110301A200,充填移送,攪拌待機中,20,31,0,15.5,55.3
2025/11/3 8:51,KMC2025110301A200,充填移送,攪拌待機中,20,31.1,0,14.7,55.5
2025/11/3 8:52,KMC2025110301A200,充填移送,攪拌待機中,19.9,31.1,0,14.8,55
2025/11/3 8:53,KMC2025110301A200,充填移送,攪拌待機中,19.7,31.3,0,14.9,54.9
2025/11/3 8:54,KMC2025110301A200,充填移送,攪拌待機中,19.8,31.4,0,14.1,55.7
2025/11/3 8:55,KMC2025110301A200,充填移送,攪拌待機中,19.8,31.5,0,15.1,54.8
2025/11/3 8:56,KMC2025110301A200,充填移送,攪拌待機中,19.7,31.5,0,15.6,54.4
2025/11/3 8:57,KMC2025110301A200,充填移送,攪拌待機中,19.9,31.4,0,15.9,54.1
2025/11/3 8:58,KMC2025110301A200,充填移送,攪拌待機中,20,31.5,0,16.2,55.5
2025/11/3 8:59,KMC2025110301A200,充填移送,攪拌待機中,20,31.7,0,14.6,54.9
2025/11/3 9:00,KMC2025110301A200,充填移送,攪拌待機中,19.8,31.9,0,13.7,55.1
2025/11/3 9:01,KMC2025110301A200,充填移送,攪拌待機中,19.8,32,0,13.4,55.9
2025/11/3 9:02,KMC2025110301A200,充填移送,攪拌待機中,19.7,32,0,13.3,54.1
2025/11/3 9:03,KMC2025110301A200,充填移送,攪拌待機中,19.8,31.9,0,16.8,54
2025/11/3 9:04,KMC2025110301A200,充填移送,攪拌待機中,19.8,31.9,0,16.6,54.5
2025/11/3 9:05,KMC2025110301A200,充填移送,攪拌待機中,19.7,32.1,0,16.8,55.3
2025/11/3 9:06,KMC2025110301A200,洗浄,荒洗い,19.9,32.1,0,15,54.7
2025/11/3 9:07,KMC2025110301A200,洗浄,荒洗い,20.1,32.2,0,15.1,54.9
2025/11/3 9:08,KMC2025110301A200,洗浄,荒洗い,20.3,12.7,0,15.2,55.3
2025/11/3 9:09,KMC2025110301A200,洗浄,荒洗い,20.6,13.1,0,15.2,54.8
2025/11/3 9:10,KMC2025110301A200,洗浄,荒洗い,20.2,12.9,0,15.4,55
2025/11/3 9:11,KMC2025110301A200,洗浄,昇温,45.2,12.6,0,15.4,54.1
2025/11/3 9:12,KMC2025110301A200,洗浄,昇温,63.9,13.1,0.088,15.2,55
2025/11/3 9:13,KMC2025110301A200,洗浄,昇温,78.1,16.5,0.157,14.9,55.9
2025/11/3 9:14,KMC2025110301A200,洗浄,昇温,88.7,21.2,0.211,14.7,55.4
2025/11/3 9:15,KMC2025110301A200,洗浄,昇温,96.6,26.8,0.253,14.6,55.4
2025/11/3 9:16,KMC2025110301A200,洗浄,昇温,102.5,33.1,0.285,14.6,55.3
2025/11/3 9:17,KMC2025110301A200,洗浄,昇温,106.9,39.3,0.311,14.5,55.9
2025/11/3 9:18,KMC2025110301A200,洗浄,昇温,110.2,45.8,0.33,14.6,54.5
2025/11/3 9:19,KMC2025110301A200,洗浄,昇温,112.5,51.9,0.346,14.7,55.3
2025/11/3 9:20,KMC2025110301A200,洗浄,昇温,114.3,57.8,0.358,15,55.4
2025/11/3 9:21,KMC2025110301A200,洗浄,高温保持,100,63.4,0.3,14.9,54.5
2025/11/3 9:22,KMC2025110301A200,洗浄,高温保持,100.2,68.5,0.3,14.8,55
2025/11/3 9:23,KMC2025110301A200,洗浄,高温保持,100.3,95.2,0.3,15.7,55.8
2025/11/3 9:24,KMC2025110301A200,洗浄,高温保持,100.4,95.3,0.3,14.6,55.6
2025/11/3 9:25,KMC2025110301A200,洗浄,高温保持,100.4,95.2,0.3,15.2,54.9
2025/11/3 9:26,KMC2025110301A200,洗浄,高温保持,100.3,95.1,0.3,14.8,55.9
2025/11/3 9:27,KMC2025110301A200,洗浄,高温保持,100.1,95.4,0.3,14.8,55.8
2025/11/3 9:28,KMC2025110301A200,洗浄,高温保持,99.9,95.4,0.3,14.7,54.3
2025/11/3 9:29,KMC2025110301A200,洗浄,高温保持,99.7,95.6,0.3,15.4,55.5
2025/11/3 9:30,KMC2025110301A200,洗浄,高温保持,99.6,95.7,0.3,14.2,55.2
2025/11/3 9:31,KMC2025110301A200,洗浄,冷却,17.4,95.7,0.15,15.4,55.9
2025/11/3 9:32,KMC2025110301A200,洗浄,冷却,16.5,95.8,0.15,14.5,54.3
2025/11/3 9:33,KMC2025110301A200,洗浄,冷却,16.3,91.7,0.15,14.3,54.2
2025/11/3 9:34,KMC2025110301A200,洗浄,冷却,17.8,87.6,0.15,15.8,55.4
2025/11/3 9:35,KMC2025110301A200,洗浄,冷却,17.6,83.9,0.15,15.6,55.4
2025/11/3 9:36,KMC2025110301A200,洗浄,冷却,17.9,80.3,0.15,15.9,54.7
2025/11/3 9:37,KMC2025110301A200,洗浄,冷却,17.1,77,0.15,15.1,55.8
2025/11/3 9:38,KMC2025110301A200,洗浄,冷却,16.8,73.7,0.15,14.8,55.7
2025/11/3 9:39,KMC2025110301A200,洗浄,冷却,17.7,70.8,0.15,15.7,55.7
2025/11/3 9:40,KMC2025110301A200,洗浄,冷却,16.2,67.9,0.15,14.2,55
2025/11/3 9:41,KMC2025110301A200,洗浄,冷却,16.5,65.4,0.15,14.5,54.8
2025/11/3 9:42,KMC2025110301A200,洗浄,冷却,16.8,62.9,0.15,14.8,54.6
2025/11/3 9:43,KMC2025110301A200,洗浄,冷却,16.8,60.8,0.15,14.8,54.1
2025/11/3 9:44,KMC2025110301A200,洗浄,冷却,16.7,58.6,0.15,14.7,54.9
2025/11/3 9:45,KMC2025110301A200,洗浄,冷却,18,56.5,0.15,16,54.1
2025/11/3 9:46,KMC2025110301A200,洗浄,冷却,16.6,54.7,0.15,14.6,55.5
2025/11/3 9:47,KMC2025110301A200,洗浄,冷却,16.2,52.9,0.15,14.2,54.9
2025/11/3 9:48,KMC2025110301A200,洗浄,冷却,17.4,51.2,0.15,15.4,55.8
2025/11/3 9:49,KMC2025110301A200,洗浄,冷却,18,49.6,0.15,16,54.6
2025/11/3 9:50,KMC2025110301A200,洗浄,冷却,17.4,47.9,0.15,15.4,55.4
2025/11/3 9:51,KMC2025110301A200,洗浄,冷却,18.2,46.5,0.15,16.2,54.6
2025/11/3 9:52,KMC2025110301A200,洗浄,冷却,17,45.3,0.15,15,54.9
2025/11/3 9:53,KMC2025110301A200,洗浄,冷却,17.5,43.9,0.15,15.5,54
2025/11/3 9:54,KMC2025110301A200,洗浄,冷却,17.7,42.6,0.15,15.7,54.7
2025/11/3 9:55,KMC2025110301A200,洗浄,冷却,15.1,41.7,0.15,13.1,55
2025/11/3 9:56,KMC2025110301A200,洗浄,冷却,16.5,40.8,0.15,14.5,54.2
2025/11/3 9:57,KMC2025110301A200,洗浄,冷却,18.4,39.9,0.15,16.4,54.9
2025/11/3 9:58,KMC2025110301A200,洗浄,冷却,18,38.9,0.15,16,55.1
2025/11/3 9:59,KMC2025110301A200,洗浄,冷却,17.8,38,0.15,15.8,55.1
2025/11/3 10:00,KMC2025110301A200,洗浄,冷却,18.9,37.3,0.15,16.9,56
2025/11/3 10:01,KMC2025110301A200,洗浄,冷却,16,36.4,0.15,14,55.6
2025/11/3 10:02,KMC2025110301A200,洗浄,冷却,18.5,35.8,0.15,16.5,54.6
2025/11/3 10:03,KMC2025110301A200,洗浄,冷却,15.6,35.2,0.15,13.6,55
2025/11/3 10:04,KMC2025110301A200,洗浄,冷却,16.2,34.4,0.15,14.2,54.4
2025/11/3 10:05,KMC2025110301A200,洗浄,冷却,17.9,33.8,0.15,15.9,55.2
2025/12/1 6:00,KMC2025120101A200,材料仕込み,仕込み開始,7.9,33.3,-0.006,8,45.7
2025/12/1 6:01,KMC2025120101A200,材料仕込み,水投入,8.1,32.9,0.006,8.3,45.6
2025/12/1 6:02,KMC2025120101A200,材料仕込み,水投入,8.6,8.5,0,8.2,45
2025/12/1 6:03,KMC2025120101A200,材料仕込み,冷凍肉投入,8,7.9,0,8.2,44
2025/12/1 6:04,KMC2025120101A200,材料仕込み,冷凍肉投入,8.1,7.5,0,8.3,44.9
2025/12/1 6:05,KMC2025120101A200,材料仕込み,冷凍肉投入,8.1,7.5,0,8.2,45.1
2025/12/1 6:06,KMC2025120101A200,材料仕込み,冷凍野菜投入,7.3,7.5,0,7.4,44.4
2025/12/1 6:07,KMC2025120101A200,材料仕込み,冷凍野菜投入,7.9,7.5,0,7.4,45.7
2025/12/1 6:08,KMC2025120101A200,材料仕込み,冷凍野菜投入,7.3,7.5,0,7.2,44.6
2025/12/1 6:09,KMC2025120101A200,材料仕込み,香辛料投入,9,7.5,0,8.7,44.1
2025/12/1 6:10,KMC2025120101A200,材料仕込み,香辛料投入,8.5,7.5,0,8.1,44.4
2025/12/1 6:11,KMC2025120101A200,材料仕込み,小麦粉投入,7.7,7.5,0,7.6,45
2025/12/1 6:12,KMC2025120101A200,材料仕込み,小麦粉投入,8.9,7.5,0,9,45.8
2025/12/1 6:13,KMC2025120101A200,材料仕込み,調味料投入,8.8,7.5,0,9,45.4
2025/12/1 6:14,KMC2025120101A200,材料仕込み,調味料投入,7.1,7.5,0,7.5,45.9
2025/12/1 6:15,KMC2025120101A200,材料仕込み,撹拌,8.4,7.5,0,8,44.1
2025/12/1 6:16,KMC2025120101A200,材料仕込み,撹拌,6.7,7.5,0,6.6,45.1
2025/12/1 6:17,KMC2025120101A200,材料仕込み,撹拌,7.1,7.8,0,6.8,44
2025/12/1 6:18,KMC2025120101A200,材料仕込み,撹拌,9.5,7.6,0,9.9,45.2
2025/12/1 6:19,KMC2025120101A200,材料仕込み,撹拌,6.8,7.6,0,7.2,45.9
2025/12/1 6:20,KMC2025120101A200,材料仕込み,デッドタイム,6.8,8.1,0,7.2,45.9
2025/12/1 6:21,KMC2025120101A200,材料仕込み,デッドタイム,6.8,8.3,0,7.2,45.9
2025/12/1 6:22,KMC2025120101A200,昇温,,15.2,8.3,0,8,45.5
2025/12/1 6:23,KMC2025120101A200,昇温,,17.3,8.3,0.073,8.3,44.8
2025/12/1 6:24,KMC2025120101A200,昇温,,19.4,8.3,0.132,8.2,44.9
2025/12/1 6:25,KMC2025120101A200,昇温,,21.5,11.2,0.18,8.2,45.5
2025/12/1 6:26,KMC2025120101A200,昇温,,41.5,14,0.22,7.9,44.2
2025/12/1 6:27,KMC2025120101A200,昇温,,57.6,16.6,0.253,7.7,45.1
2025/12/1 6:28,KMC2025120101A200,昇温,,70.4,18.9,0.28,7.8,45
2025/12/1 6:29,KMC2025120101A200,昇温,,80.7,21.3,0.301,8,45
2025/12/1 6:30,KMC2025120101A200,昇温,,88.9,24,0.319,7.7,45.5
2025/12/1 6:31,KMC2025120101A200,昇温,,95.5,26.7,0.334,8.2,45.2
2025/12/1 6:32,KMC2025120101A200,昇温,,100.8,29.6,0.346,8.8,44
2025/12/1 6:33,KMC2025120101A200,昇温,,105.1,32.3,0.356,8.7,44.7
2025/12/1 6:34,KMC2025120101A200,昇温,,108.4,35.1,0.364,7.5,44.6
2025/12/1 6:35,KMC2025120101A200,昇温,,111.1,37.7,0.37,7.7,44
2025/12/1 6:36,KMC2025120101A200,昇温,,113.2,40,0.376,6.9,45
2025/12/1 6:37,KMC2025120101A200,昇温,,114.9,42.5,0.38,8.1,45.3
2025/12/1 6:38,KMC2025120101A200,昇温,,116.3,45.1,0.38,7.4,44
2025/12/1 6:39,KMC2025120101A200,昇温,,117.4,48,0.38,7.4,44.9
2025/12/1 6:40,KMC2025120101A200,昇温,,118.3,50.5,0.38,7.6,44.5
2025/12/1 6:41,KMC2025120101A200,昇温,,118.9,53.4,0.38,7.2,45.3
2025/12/1 6:42,KMC2025120101A200,昇温,,119.5,56.1,0.38,6.7,44.9
2025/12/1 6:43,KMC2025120101A200,昇温,,119.9,58.7,0.38,7.4,45.3
2025/12/1 6:44,KMC2025120101A200,昇温,,120.3,61.1,0.38,7.5,44.6
2025/12/1 6:45,KMC2025120101A200,昇温,,120.7,63.8,0.38,9.1,44.4
2025/12/1 6:46,KMC2025120101A200,昇温,,120.9,66.3,0.38,7.6,44.2
2025/12/1 6:47,KMC2025120101A200,昇温,,121,68.8,0.38,7.4,45.4
2025/12/1 6:48,KMC2025120101A200,昇温,,121.2,71.9,0.38,8.2,45.5
2025/12/1 6:49,KMC2025120101A200,昇温,,121.3,74.6,0.38,7.4,46
2025/12/1 6:50,KMC2025120101A200,昇温,,121.5,77.3,0.38,9.3,45.5
2025/12/1 6:51,KMC2025120101A200,昇温,,121.5,80.1,0.38,6.4,44.2
2025/12/1 6:52,KMC2025120101A200,煮込み,工程切替,121.5,82.3,0.184,8,44.1
2025/12/1 6:53,KMC2025120101A200,煮込み,工程切替,121.5,84.7,0.008,8,44.5
2025/12/1 6:54,KMC2025120101A200,煮込み,加熱ON,93.4,84.7,0.095,8,44.5
2025/12/1 6:55,KMC2025120101A200,煮込み,放熱OFF,83.1,84.7,0.06,8.2,44.6
2025/12/1 6:56,KMC2025120101A200,煮込み,放熱OFF,81.8,85,0.027,8.3,45.8
2025/12/1 6:57,KMC2025120101A200,煮込み,放熱OFF,82.4,85.1,0.022,8.2,44.8
2025/12/1 6:58,KMC2025120101A200,煮込み,放熱OFF,82.8,85.1,0.012,8.1,44.5
2025/12/1 6:59,KMC2025120101A200,煮込み,放熱OFF,81.8,85.1,0.011,7.7,45.2
2025/12/1 7:00,KMC2025120101A200,煮込み,放熱OFF,81.7,85.2,0.002,7.8,44.8
2025/12/1 7:01,KMC2025120101A200,煮込み,加熱ON,93.6,84.9,0.09,7.6,44.5
2025/12/1 7:02,KMC2025120101A200,煮込み,放熱OFF,81.8,84.5,0.06,8,44.6
2025/12/1 7:03,KMC2025120101A200,煮込み,加熱ON,93.5,84.7,0.12,8.4,45.7
2025/12/1 7:04,KMC2025120101A200,煮込み,放熱OFF,82.1,84.7,0.08,8.5,44.6
2025/12/1 7:05,KMC2025120101A200,煮込み,放熱OFF,81.9,85.1,0.053,7.9,44.9
2025/12/1 7:06,KMC2025120101A200,煮込み,放熱OFF,82.7,85.1,0.042,8.1,45.2
2025/12/1 7:07,KMC2025120101A200,煮込み,放熱OFF,81.1,85.1,0.023,8.2,45.8
2025/12/1 7:08,KMC2025120101A200,煮込み,加熱ON,93.3,84.9,0.101,7.6,44.7
2025/12/1 7:09,KMC2025120101A200,煮込み,加熱ON,93.2,84.6,0.16,7.7,45.6
2025/12/1 7:10,KMC2025120101A200,煮込み,放熱OFF,80.9,84.6,0.097,8,44.2
2025/12/1 7:11,KMC2025120101A200,煮込み,加熱ON,93.4,84.8,0.154,8.2,44.3
2025/12/1 7:12,KMC2025120101A200,煮込み,放熱OFF,81.5,84.7,0.084,7.7,45.3
2025/12/1 7:13,KMC2025120101A200,煮込み,放熱OFF,81.8,85.1,0.043,8.5,44.6
2025/12/1 7:14,KMC2025120101A200,煮込み,放熱OFF,81.1,85,0.032,7.8,45.8
2025/12/1 7:15,KMC2025120101A200,煮込み,放熱OFF,82.4,84.9,0.01,7.2,46
2025/12/1 7:16,KMC2025120101A200,煮込み,加熱ON,93,84.9,0.087,7.7,44.7
2025/12/1 7:17,KMC2025120101A200,煮込み,放熱OFF,80.8,84.7,0.056,8.1,45.8
2025/12/1 7:18,KMC2025120101A200,煮込み,加熱ON,94,84.9,0.125,8.8,45.9
2025/12/1 7:19,KMC2025120101A200,煮込み,放熱OFF,81.8,84.5,0.078,8.9,44.1
2025/12/1 7:20,KMC2025120101A200,煮込み,放熱OFF,82.5,85,0.045,8.6,44.7
2025/12/1 7:21,KMC2025120101A200,煮込み,放熱OFF,81.7,85,0.024,7.4,44.1
2025/12/1 7:22,KMC2025120101A200,煮込み,放熱OFF,81.8,85.2,0.013,7.7,45.1
2025/12/1 7:23,KMC2025120101A200,煮込み,放熱OFF,81.9,85.1,0.011,8.2,46
2025/12/1 7:24,KMC2025120101A200,煮込み,加熱ON,93,85,0.09,7.9,45.8
2025/12/1 7:25,KMC2025120101A200,煮込み,放熱OFF,81,84.7,0.06,8.6,44.7
2025/12/1 7:26,KMC2025120101A200,煮込み,放熱OFF,82.7,85,0.043,8.2,45.5
2025/12/1 7:27,KMC2025120101A200,煮込み,加熱ON,93.6,84.8,0.106,7.5,44.2
2025/12/1 7:28,KMC2025120101A200,煮込み,放熱OFF,83.2,84.6,0.067,7.7,45.4
2025/12/1 7:29,KMC2025120101A200,煮込み,放熱OFF,82.2,85.1,0.048,9.1,44.2
2025/12/1 7:30,KMC2025120101A200,煮込み,放熱OFF,81.9,85.1,0.038,9,44.4
2025/12/1 7:31,KMC2025120101A200,煮込み,放熱OFF,81.5,85,0.031,8.2,45.4
2025/12/1 7:32,KMC2025120101A200,煮込み,加熱ON,93.2,84.8,0.112,8.3,44.8
2025/12/1 7:33,KMC2025120101A200,煮込み,放熱OFF,81.2,84.6,0.065,6.9,44.2
2025/12/1 7:34,KMC2025120101A200,煮込み,加熱ON,93.4,84.9,0.131,8.4,46
2025/12/1 7:35,KMC2025120101A200,煮込み,放熱OFF,82,84.7,0.069,8.9,45.8
2025/12/1 7:36,KMC2025120101A200,煮込み,放熱OFF,82.4,85.1,0.046,9.5,44.8
2025/12/1 7:37,KMC2025120101A200,煮込み,放熱OFF,81.8,84.9,0.03,8,44.1
2025/12/1 7:38,KMC2025120101A200,煮込み,放熱OFF,81.1,84.9,0.015,7.7,44.2
2025/12/1 7:39,KMC2025120101A200,煮込み,放熱OFF,81.8,85,0.012,8.2,44.3
2025/12/1 7:40,KMC2025120101A200,煮込み,加熱ON,93.9,84.9,0.083,9.2,45.3
2025/12/1 7:41,KMC2025120101A200,煮込み,加熱ON,93.4,84.4,0.145,8.3,45
2025/12/1 7:42,KMC2025120101A200,煮込み,加熱ON,93.3,84.6,0.193,9.4,44.9
2025/12/1 7:43,KMC2025120101A200,煮込み,放熱OFF,81.7,84.7,0.11,9.3,44.8
2025/12/1 7:44,KMC2025120101A200,煮込み,放熱OFF,82.5,85,0.058,9.7,45.8
2025/12/1 7:45,KMC2025120101A200,煮込み,放熱OFF,82.9,84.9,0.037,7.7,45
2025/12/1 7:46,KMC2025120101A200,煮込み,放熱OFF,81.2,85,0.03,6.9,45.7
2025/12/1 7:47,KMC2025120101A200,煮込み,放熱OFF,81.9,85,0.009,7.9,45.1
2025/12/1 7:48,KMC2025120101A200,煮込み,加熱ON,93.1,85,0.097,7.9,44.5
2025/12/1 7:49,KMC2025120101A200,煮込み,放熱OFF,82.5,84.7,0.068,6.2,44.8
2025/12/1 7:50,KMC2025120101A200,煮込み,加熱ON,94.3,84.8,0.13,6.8,45.9
2025/12/1 7:51,KMC2025120101A200,煮込み,放熱OFF,81.4,84.4,0.07,10,45.1
2025/12/1 7:52,KMC2025120101A200,煮込み,放熱OFF,82.2,85,0.045,8.7,44.3
2025/12/1 7:53,KMC2025120101A200,煮込み,放熱OFF,82.5,85.1,0.033,10.1,45.8
2025/12/1 7:54,KMC2025120101A200,煮込み,デッドタイム,82.5,85.1,0.033,10.1,45.8
2025/12/1 7:55,KMC2025120101A200,煮込み,デッドタイム,82.5,85.2,0.033,10.1,45.8
2025/12/1 7:56,KMC2025120101A200,冷却,,13.4,85.2,0.046,8,45.7
2025/12/1 7:57,KMC2025120101A200,冷却,,13.4,85.2,0.067,8.2,45.3
2025/12/1 7:58,KMC2025120101A200,冷却,,13.4,82,0.086,8.4,45.1
2025/12/1 7:59,KMC2025120101A200,冷却,,13.4,78.9,0.095,8.3,44.1
2025/12/1 8:00,KMC2025120101A200,冷却,,13.4,76.1,0.111,8.2,44.5
2025/12/1 8:01,KMC2025120101A200,冷却,,13.4,73.4,0.115,7.5,44.4
2025/12/1 8:02,KMC2025120101A200,冷却,,13.4,70.7,0.118,7.6,45.7
2025/12/1 8:03,KMC2025120101A200,冷却,,13.4,68.2,0.121,7.9,44.7
2025/12/1 8:04,KMC2025120101A200,冷却,,13.4,65.7,0.127,7.9,44.6
2025/12/1 8:05,KMC2025120101A200,冷却,,13.4,63.5,0.133,8.4,44.7
2025/12/1 8:06,KMC2025120101A200,冷却,,13.4,61.2,0.149,8.5,44.8
2025/12/1 8:07,KMC2025120101A200,冷却,,13.4,59.1,0.149,8.6,44.2
2025/12/1 8:08,KMC2025120101A200,冷却,,13.4,57.2,0.145,8.5,44.9
2025/12/1 8:09,KMC2025120101A200,冷却,,13.4,55.4,0.155,7.2,44.1
2025/12/1 8:10,KMC2025120101A200,冷却,,13.4,53.6,0.157,8.3,44.9
2025/12/1 8:11,KMC2025120101A200,冷却,,13.4,51.7,0.167,7.3,44.9
2025/12/1 8:12,KMC2025120101A200,冷却,,13.4,50.1,0.167,8.8,45
2025/12/1 8:13,KMC2025120101A200,冷却,,13.4,48.3,0.165,8,45
2025/12/1 8:14,KMC2025120101A200,冷却,,13.4,46.8,0.168,8.6,44
2025/12/1 8:15,KMC2025120101A200,冷却,,13.4,45.2,0.163,7.5,44
2025/12/1 8:16,KMC2025120101A200,冷却,,13.4,43.8,0.159,8.1,44
2025/12/1 8:17,KMC2025120101A200,冷却,,13.4,42.4,0.172,7.8,45
2025/12/1 8:18,KMC2025120101A200,冷却,,13.4,41.3,0.183,7.1,44.8
2025/12/1 8:19,KMC2025120101A200,冷却,,13.4,40.1,0.186,6.8,44.2
2025/12/1 8:20,KMC2025120101A200,冷却,,13.4,39,0.185,7.5,45
2025/12/1 8:21,KMC2025120101A200,冷却,,13.4,37.8,0.189,9.2,44.2
2025/12/1 8:22,KMC2025120101A200,冷却,,13.4,36.7,0.182,9.3,44.1
2025/12/1 8:23,KMC2025120101A200,冷却,,13.4,35.5,0.188,7,45.3
2025/12/1 8:24,KMC2025120101A200,冷却,,13.4,34.5,0.195,8.3,44.8
2025/12/1 8:25,KMC2025120101A200,冷却,,13.4,33.8,0.2,6.4,44.7
2025/12/1 8:26,KMC2025120101A200,冷却,,13.4,32.8,0.193,8.6,44.7
2025/12/1 8:27,KMC2025120101A200,冷却,,13.4,31.9,0.188,8.8,45.4
2025/12/1 8:28,KMC2025120101A200,冷却,,13.4,31.2,0.192,6.8,44.1
2025/12/1 8:29,KMC2025120101A200,冷却,,13.4,30.4,0.188,6.9,45.9
2025/12/1 8:30,KMC2025120101A200,冷却,,13.4,29.8,0.179,8.8,45.8
2025/12/1 8:31,KMC2025120101A200,冷却,,13.4,29.2,0.187,6.7,44.8
2025/12/1 8:32,KMC2025120101A200,冷却,,13.4,28.5,0.193,9,44.9
2025/12/1 8:33,KMC2025120101A200,冷却,,13.4,27.8,0.193,7.4,45.6
2025/12/1 8:34,KMC2025120101A200,冷却,,13.4,27.2,0.196,7.7,45.7
2025/12/1 8:35,KMC2025120101A200,冷却,,13.4,26.7,0.202,8.9,44
2025/12/1 8:36,KMC2025120101A200,充填移送,攪拌待機中,13.2,26.2,0,8,44.1
2025/12/1 8:37,KMC2025120101A200,充填移送,攪拌待機中,13.4,25.7,0,8.2,44.4
2025/12/1 8:38,KMC2025120101A200,充填移送,攪拌待機中,13.5,26,0,8.3,44
2025/12/1 8:39,KMC2025120101A200,充填移送,攪拌待機中,13.4,26.2,0,8.4,44.5
2025/12/1 8:40,KMC2025120101A200,充填移送,攪拌待機中,13.5,26.5,0,7.8,45.9
2025/12/1 8:41,KMC2025120101A200,充填移送,攪拌待機中,13.5,26.6,0,8.1,44.5
2025/12/1 8:42,KMC2025120101A200,充填移送,攪拌待機中,13.6,26.7,0,7.8,44.1
2025/12/1 8:43,KMC2025120101A200,充填移送,攪拌待機中,13.4,27,0,8.1,44
2025/12/1 8:44,KMC2025120101A200,充填移送,攪拌待機中,13.4,27.2,0,8.5,45.3
2025/12/1 8:45,KMC2025120101A200,充填移送,攪拌待機中,13.5,27.3,0,7.8,44.2
2025/12/1 8:46,KMC2025120101A200,充填移送,攪拌待機中,13.6,27.4,0,7.9,45.3
2025/12/1 8:47,KMC2025120101A200,充填移送,攪拌待機中,13.4,27.5,0,7.5,44.6
2025/12/1 8:48,KMC2025120101A200,充填移送,攪拌待機中,13.4,27.6,0,8.6,44.8
2025/12/1 8:49,KMC2025120101A200,充填移送,攪拌待機中,13.3,27.8,0,7.5,45.7
2025/12/1 8:50,KMC2025120101A200,充填移送,攪拌待機中,13.2,27.9,0,7.2,45.4
2025/12/1 8:51,KMC2025120101A200,充填移送,攪拌待機中,13.3,28.1,0,7,44.7
2025/12/1 8:52,KMC2025120101A200,充填移送,攪拌待機中,13.4,28.3,0,7.6,44.2
2025/12/1 8:53,KMC2025120101A200,充填移送,攪拌待機中,13.5,28.4,0,8,45.6
2025/12/1 8:54,KMC2025120101A200,充填移送,攪拌待機中,13.6,28.6,0,7.5,44.6
2025/12/1 8:55,KMC2025120101A200,充填移送,攪拌待機中,13.7,28.7,0,7.1,45.3
2025/12/1 8:56,KMC2025120101A200,充填移送,攪拌待機中,13.9,28.8,0,6.9,45.3
2025/12/1 8:57,KMC2025120101A200,充填移送,攪拌待機中,14,28.9,0,8.8,44.8
2025/12/1 8:58,KMC2025120101A200,充填移送,攪拌待機中,14.1,29,0,7.4,45.1
2025/12/1 8:59,KMC2025120101A200,充填移送,攪拌待機中,14.2,29.1,0,6.9,45.3
2025/12/1 9:00,KMC2025120101A200,充填移送,攪拌待機中,14.3,29,0,8.4,45.1
2025/12/1 9:01,KMC2025120101A200,充填移送,攪拌待機中,14.4,29.2,0,9.2,44.1
2025/12/1 9:02,KMC2025120101A200,充填移送,攪拌待機中,14.4,29.2,0,8.4,45.6
2025/12/1 9:03,KMC2025120101A200,充填移送,攪拌待機中,14.3,29.3,0,7.8,44.3
2025/12/1 9:04,KMC2025120101A200,充填移送,攪拌待機中,14.2,29.2,0,8.7,45.1
2025/12/1 9:05,KMC2025120101A200,充填移送,攪拌待機中,14,29.3,0,5.9,44.9
2025/12/1 9:06,KMC2025120101A200,洗浄,荒洗い,13,29.3,0,8,45.5
2025/12/1 9:07,KMC2025120101A200,洗浄,荒洗い,13.4,29.4,0,8.2,45.2
2025/12/1 9:08,KMC2025120101A200,洗浄,荒洗い,13.3,7.8,0,8.3,45.7
2025/12/1 9:09,KMC2025120101A200,洗浄,荒洗い,13,8.1,0,8.1,44.4
2025/12/1 9:10,KMC2025120101A200,洗浄,荒洗い,12.7,8,0,8.1,45.8
2025/12/1 9:11,KMC2025120101A200,洗浄,昇温,39.5,8.3,0,7.9,45.4
2025/12/1 9:12,KMC2025120101A200,洗浄,昇温,59.7,8.7,0.088,7.6,45
2025/12/1 9:13,KMC2025120101A200,洗浄,昇温,74.9,11.9,0.157,7.9,45.9
2025/12/1 9:14,KMC2025120101A200,洗浄,昇温,86.3,16.8,0.211,7.8,45.5
2025/12/1 9:15,KMC2025120101A200,洗浄,昇温,94.7,22.6,0.253,8.3,44.3
2025/12/1 9:16,KMC2025120101A200,洗浄,昇温,100.9,28.9,0.285,8,44.3
2025/12/1 9:17,KMC2025120101A200,洗浄,昇温,105.6,35.4,0.311,8.3,44.5
2025/12/1 9:18,KMC2025120101A200,洗浄,昇温,109.1,41.8,0.33,8.3,45
2025/12/1 9:19,KMC2025120101A200,洗浄,昇温,111.8,48.1,0.346,7.4,45.1
2025/12/1 9:20,KMC2025120101A200,洗浄,昇温,114,54.1,0.358,7.7,44.8
2025/12/1 9:21,KMC2025120101A200,洗浄,高温保持,100,59.8,0.3,7.5,45.7
2025/12/1 9:22,KMC2025120101A200,洗浄,高温保持,100.3,65.4,0.3,7.6,44.9
2025/12/1 9:23,KMC2025120101A200,洗浄,高温保持,100.4,95.1,0.3,8.8,44.1
2025/12/1 9:24,KMC2025120101A200,洗浄,高温保持,100.3,95.2,0.3,8,44.6
2025/12/1 9:25,KMC2025120101A200,洗浄,高温保持,100,95.3,0.3,8.5,45.4
2025/12/1 9:26,KMC2025120101A200,洗浄,高温保持,99.7,95.3,0.3,7.9,44.8
2025/12/1 9:27,KMC2025120101A200,洗浄,高温保持,99.6,95.4,0.3,8.5,44.8
2025/12/1 9:28,KMC2025120101A200,洗浄,高温保持,99.7,95.2,0.3,8,45.9
2025/12/1 9:29,KMC2025120101A200,洗浄,高温保持,100,95.4,0.3,7.6,45
2025/12/1 9:30,KMC2025120101A200,洗浄,高温保持,100.3,95.2,0.3,8.4,45.2
2025/12/1 9:31,KMC2025120101A200,洗浄,冷却,10.5,95.2,0.15,8.5,45.5
2025/12/1 9:32,KMC2025120101A200,洗浄,冷却,11.1,95,0.15,9.1,45.4
2025/12/1 9:33,KMC2025120101A200,洗浄,冷却,9.8,91,0.15,7.8,45.2
2025/12/1 9:34,KMC2025120101A200,洗浄,冷却,10.7,86.9,0.15,8.7,45
2025/12/1 9:35,KMC2025120101A200,洗浄,冷却,10.6,83.1,0.15,8.6,44
2025/12/1 9:36,KMC2025120101A200,洗浄,冷却,9.4,79.5,0.15,7.4,45.3
2025/12/1 9:37,KMC2025120101A200,洗浄,冷却,9.9,76.2,0.15,7.9,44.5
2025/12/1 9:38,KMC2025120101A200,洗浄,冷却,10.8,73,0.15,8.8,45.1
2025/12/1 9:39,KMC2025120101A200,洗浄,冷却,10.2,70,0.15,8.2,45.4
2025/12/1 9:40,KMC2025120101A200,洗浄,冷却,9.5,67.2,0.15,7.5,45.3
2025/12/1 9:41,KMC2025120101A200,洗浄,冷却,10,64.9,0.15,8,45.4
2025/12/1 9:42,KMC2025120101A200,洗浄,冷却,9.1,62.3,0.15,7.1,46
2025/12/1 9:43,KMC2025120101A200,洗浄,冷却,10.9,60.1,0.15,8.9,45.9
2025/12/1 9:44,KMC2025120101A200,洗浄,冷却,10.3,57.9,0.15,8.3,44.7
2025/12/1 9:45,KMC2025120101A200,洗浄,冷却,9.6,55.9,0.15,7.6,45.1
2025/12/1 9:46,KMC2025120101A200,洗浄,冷却,11,54.1,0.15,9,44.7
2025/12/1 9:47,KMC2025120101A200,洗浄,冷却,9,52.5,0.15,7,44.3
2025/12/1 9:48,KMC2025120101A200,洗浄,冷却,11.5,50.7,0.15,9.5,44.3
2025/12/1 9:49,KMC2025120101A200,洗浄,冷却,11.6,49.4,0.15,9.6,45.3
2025/12/1 9:50,KMC2025120101A200,洗浄,冷却,11.2,48,0.15,9.2,44.4
2025/12/1 9:51,KMC2025120101A200,洗浄,冷却,10.9,46.5,0.15,8.9,45.1
2025/12/1 9:52,KMC2025120101A200,洗浄,冷却,9.8,45,0.15,7.8,44.9
2025/12/1 9:53,KMC2025120101A200,洗浄,冷却,8.2,43.7,0.15,6.2,45.7
2025/12/1 9:54,KMC2025120101A200,洗浄,冷却,9.8,42.4,0.15,7.8,45.3
2025/12/1 9:55,KMC2025120101A200,洗浄,冷却,11.7,41.5,0.15,9.7,44.2
2025/12/1 9:56,KMC2025120101A200,洗浄,冷却,11.5,40.6,0.15,9.5,44
2025/12/1 9:57,KMC2025120101A200,洗浄,冷却,9.8,39.5,0.15,7.8,44.3
2025/12/1 9:58,KMC2025120101A200,洗浄,冷却,8.4,38.7,0.15,6.4,45.7
2025/12/1 9:59,KMC2025120101A200,洗浄,冷却,10.4,38.1,0.15,8.4,45.6
2025/12/1 10:00,KMC2025120101A200,洗浄,冷却,8.4,37.5,0.15,6.4,44.8
2025/12/1 10:01,KMC2025120101A200,洗浄,冷却,9.3,36.9,0.15,7.3,44
2025/12/1 10:02,KMC2025120101A200,洗浄,冷却,11.5,36,0.15,9.5,45.3
2025/12/1 10:03,KMC2025120101A200,洗浄,冷却,11,35.3,0.15,9,44
2025/12/1 10:04,KMC2025120101A200,洗浄,冷却,10.7,34.6,0.15,8.7,44.5
2025/12/1 10:05,KMC2025120101A200,洗浄,冷却,9.9,34,0.15,7.9,45.4